radius,grav_mass,bary_mass,rho_c
12.010702820092005,0.9981760123420867,1.0753207787141894,663000000000000.0
12.010518938936775,1.0005363006484658,1.0780646456077558,664000000000000.0
12.010113379509013,1.0028957700290804,1.0808081974663342,664999999999999.9
12.009525944202867,1.0052530115965628,1.0835501579878275,666000000000000.1
12.00909490531252,1.0076147399762778,1.0862979517030218,667000000000000.0
12.008863413175993,1.0099684094748869,1.089039013501087,668000000000000.0
12.008406050459053,1.0123306827279015,1.0917892461904275,669000000000000.0
12.008033669133065,1.014679130899606,1.0945258676739351,670000000000000.0
12.006931536851717,1.0170319248130857,1.0972700891512273,671000000000000.0
12.006890709741954,1.0193797358707255,1.1000070353868154,672000000000000.0
12.006532229027714,1.0217352538738635,1.1027536017825506,673000000000000.0
12.00582166299834,1.0240778655472342,1.1054881211626308,674000000000000.0
12.005935567308093,1.0264310965467291,1.1082347372368202,674999999999999.9
12.004401101192524,1.0287712189592453,1.1109689882167693,676000000000000.0
12.004712554700227,1.0311156846487473,1.113708821299062,677000000000000.0
12.003642384272347,1.033463860895795,1.1164513230931234,678000000000000.0
12.003804165958,1.0358040212235644,1.1191874180133643,679000000000000.0
12.00330721617747,1.038143554334532,1.1219233398441222,680000000000000.0
12.00300516744708,1.0404834009850146,1.1246612243648944,681000000000000.0
12.0029960432818,1.0428269066135951,1.1274031685569552,682000000000000.0
12.001949154238238,1.0451580485003087,1.13013370555384,683000000000000.0
12.001546959757786,1.0474930967532994,1.1328695521154446,684000000000000.0
12.001350342705472,1.0498255863022403,1.135604341760803,684999999999999.9
12.000715613806785,1.0521578460846073,1.1383392259627767,686000000000000.0
12.000374408487591,1.0544901172864425,1.1410749265877398,687000000000000.0
11.99981193166472,1.0568214018029374,1.143810212399342,688000000000000.0
11.999532413639136,1.0591472477797843,1.146540745099414,689000000000000.0
11.999246255822252,1.0614760883464325,1.1492755141682942,690000000000000.0
11.998449426747332,1.06380073614919,1.152006152472357,691000000000000.0
11.998149550320273,1.066126346380838,1.1547394762236485,692000000000000.0
11.997777803099028,1.0684485069900862,1.1574698816019635,693000000000000.0
11.997320839731787,1.070769255454307,1.1601998707469656,694000000000000.0
11.996746015344858,1.0730889651939002,1.1629294036005244,695000000000000.1
11.996444170844052,1.0754069665586197,1.1656581741914125,696000000000000.0
11.996008813821016,1.077684916325004,1.1683409588479283,697000000000000.0
11.995284203642736,1.0799427149670768,1.171000758960377,698000000000000.0
11.995353654172186,1.0821989269518368,1.1736597397767907,699000000000000.0
11.99436922212515,1.0844487790438777,1.1763128855156115,700000000000000.0
11.994421620452494,1.0866975390697629,1.178965958706046,701000000000000.0
11.993983489522838,1.088949359341944,1.1816223493631208,702000000000000.0
11.993342334906005,1.091191212553444,1.1842693687345522,703000000000000.0
11.99274329076304,1.0934282234197024,1.1869122291986427,704000000000000.0
11.992491516131857,1.0956779129341827,1.18956827478335,705000000000000.1
11.991376517767684,1.0979089335556016,1.1922066173490116,706000000000000.0
11.991325367156543,1.1001463575015722,1.1948514081347088,707000000000000.0
11.991007548164516,1.102381427314199,1.1974943853977755,708000000000000.0
11.990761073340604,1.1046194516370833,1.2001407899758092,709000000000000.0
11.989801791205153,1.1068452699435252,1.2027761828872874,710000000000000.0
11.990034452267034,1.10907190317297,1.2054136795839918,711000000000000.0
11.989436150718742,1.1112986864624754,1.2080511482899692,712000000000000.0
11.988282995870323,1.113516903786572,1.2106806548513172,713000000000000.0
11.988526933329933,1.115742086841176,1.2133171763846955,713999999999999.9
11.988145799624847,1.1179555509426793,1.2159445813233525,715000000000000.1
11.987711840958696,1.1201745071539606,1.218575280280493,716000000000000.0
11.98712813898976,1.1223841309902332,1.2212003222319696,717000000000000.0
11.986695418611472,1.1245980606771253,1.2238270203852355,718000000000000.0
11.98590728546797,1.1268011945577874,1.2264428364898956,719000000000000.0
11.985256330397036,1.1290139930195948,1.2290738340221257,720000000000000.0
11.984986095384276,1.1312116206464429,1.2316837262331437,721000000000000.0
11.984658147397669,1.1334189851073626,1.2343095324535844,722000000000000.0
11.984196140490848,1.1356126077808315,1.2369176994031057,723000000000000.0
11.983923528302794,1.137811735558231,1.2395317073762335,724000000000000.0
11.983308718232673,1.1400036529372493,1.2421438245156735,725000000000000.1
11.982778999148207,1.142190126180644,1.244746238370391,726000000000000.0
11.982280043814995,1.144383780424747,1.2473574928626878,727000000000000.0
11.981691341073857,1.1465708959660164,1.2499640042684104,728000000000000.0
11.980971482688794,1.1487515147622496,1.2525655733703671,729000000000000.0
11.980765880681204,1.1509349773670168,1.2551678051578676,730000000000000.0
11.98020528352018,1.1531138710944755,1.2577671649609623,731000000000000.0
11.9798564960021,1.1552916603353744,1.2603695874570011,732000000000000.0
11.979390359885874,1.1574708201495667,1.2629674596182117,733000000000000.0
11.97871168162076,1.1596418182777295,1.2655618598283802,734000000000000.0
11.9781187556562,1.1618112470373867,1.2681560077376488,735000000000000.1
11.977928026828033,1.163979438954859,1.2707455464117683,736000000000000.0
11.977594370709063,1.1661455571646382,1.273335073960434,737000000000000.0
11.976685307223727,1.1683029037427457,1.2759179403187786,738000000000000.0
11.975903119237753,1.170465385489187,1.2785051791895974,739000000000000.0
11.975580237826204,1.1726207263683817,1.2810854792084172,740000000000000.0
11.975282099191633,1.1747831957216073,1.2836723751217365,741000000000000.0
11.974545917221825,1.1769319920532066,1.2862477080679433,742000000000000.0
11.974141653597998,1.1790835302270155,1.288825881977825,743000000000000.0
11.972783978877823,1.1812283141198154,1.2913999153157705,744000000000000.0
11.972956718216649,1.1833784695160388,1.293975537140055,745000000000000.0
11.972465696168902,1.1855214126017442,1.296548141233144,746000000000000.0
11.971765252196867,1.1876596143754077,1.2991157963822304,747000000000000.0
11.971275371649881,1.1897992841727607,1.3016848916478925,748000000000000.0
11.970713743371705,1.1919347347734004,1.304249226759313,749000000000000.0
11.97040892274741,1.19407295227657,1.306816075350998,750000000000000.0
11.969780514988624,1.1962040287266014,1.3093760455685763,751000000000000.0
11.968509913189616,1.198328582580363,1.311935249310047,752000000000000.0
11.968499680945179,1.2004559128535863,1.3144948606712776,753000000000000.0
11.968024678154515,1.2025798527088212,1.3170497355188588,754000000000000.0
11.967410465888305,1.2047036741767725,1.319606931971164,755000000000000.0
11.967034661265172,1.2068221699174666,1.3221538177737095,756000000000000.0
11.966230799180295,1.2089369947516222,1.324705580279427,757000000000000.0
11.965783420624895,1.211053357310448,1.3272568633930046,758000000000000.0
11.965080686151184,1.2131642827465283,1.3298017309606425,759000000000000.0
11.964793522768476,1.215271949326662,1.3323433667657445,760000000000000.0
11.963967624267967,1.2173770849078196,1.3348832799820567,761000000000000.0
11.963318163888266,1.2194781033456428,1.3374195490862142,762000000000000.0
11.962825302086074,1.221579769390034,1.339957407963313,763000000000000.0
11.962337670663311,1.2236806210950155,1.3424949993041997,764000000000000.1
11.96146533617983,1.225779227085013,1.3450312198121366,765000000000000.0
11.961070469023756,1.2278712598056636,1.3475580092056698,766000000000000.0
11.96029691110188,1.229961548400858,1.3500850814695786,767000000000000.0
11.959588900071795,1.2320533270918952,1.352614859788498,768000000000000.0
11.958716568162453,1.23413788338417,1.3551371332320534,769000000000000.0
11.958520646872811,1.2362200482662578,1.3576576900328718,770000000000000.0
11.9580806353568,1.2383005265038445,1.360178174139338,771000000000000.0
11.95734380217249,1.240377966622372,1.3626949677027704,772000000000000.0
11.956643174605698,1.24245374376216,1.3652113116589144,773000000000000.0
11.95590867347445,1.244536918261874,1.3677377192169928,774000000000000.1
11.955496552756536,1.2465987802687102,1.3702432055083842,775000000000000.0
11.955085119689288,1.2486692933001855,1.372753003278177,776000000000000.0
11.954247148776794,1.2507367280309385,1.3752602412769013,777000000000000.0
11.953112268830766,1.2527965023046073,1.3777614865815135,778000000000000.0
11.952804478383634,1.2548592597195327,1.3802677067906326,779000000000000.0
11.952156555796542,1.2569171175380836,1.3827696902946789,780000000000000.0
11.950657078587362,1.258971852374604,1.3852688488164526,781000000000000.0
11.951046335761447,1.2610229717650383,1.387762495812554,782000000000000.0
11.950274634117322,1.2630729346832787,1.3902591520487997,783000000000000.0
11.949666085317585,1.2651186320735217,1.3927507518654545,784000000000000.1
11.948931997576981,1.2671621136498137,1.3952347261636506,785000000000000.0
11.948277640967223,1.2692033800005638,1.3977208839450084,786000000000000.0
11.947335853685384,1.2712439763867287,1.4002073573469302,787000000000000.0
11.94672598817775,1.2732824089654973,1.4026929374726118,788000000000000.0
11.946253235217881,1.2753189217272742,1.4051773228312183,789000000000000.0
11.945618415706804,1.2773510624605904,1.407656832975142,790000000000000.0
11.944550352265436,1.2793815446392574,1.4101353046056528,791000000000000.0
11.944191463706224,1.2814092480207673,1.412611015657302,792000000000000.0
11.9433236158275,1.2834328479933506,1.4150823342172931,793000000000000.0
11.9428963644542,1.2854545107674022,1.4175522673800458,794000000000000.1
11.94215083065616,1.287472236461528,1.420018680951173,795000000000000.0
11.941494006865561,1.2894949870823438,1.4224903223562966,796000000000000.0
11.94063723866478,1.2915019851120455,1.4249461417860958,797000000000000.0
11.939847265631116,1.2935135954609909,1.4274075354096658,798000000000000.0
11.938878104108875,1.2955226030165523,1.4298659111957974,799000000000000.0
11.938665334458035,1.2975395965515226,1.4323311755776662,800000000000000.0
11.937694753784188,1.2995406352944463,1.43478419571543,801000000000000.0
11.937089256280675,1.3015334184341691,1.437226990552566,802000000000000.0
11.936340174929285,1.3035357960370797,1.4396805224199176,803000000000000.0
11.935632211681517,1.3055276472708492,1.44212325987847,804000000000000.0
11.935033052282705,1.3075256934682882,1.4445788389552614,805000000000000.0
11.934314113378628,1.3095169180239172,1.4470219224726952,806000000000000.0
11.933413611434878,1.3115039346025772,1.449459339257689,807000000000000.0
11.9324806990305,1.3134923756723844,1.4519033579916942,808000000000000.0
11.93183223379102,1.3154682836673837,1.4543311142898363,809000000000000.0
11.931162673608227,1.3174501320354408,1.4567636621347324,810000000000000.0
11.930474145822075,1.3194279008299212,1.4591953455766218,811000000000000.0
11.929683450880086,1.3214022897583944,1.4616243503193405,812000000000000.0
11.928597716151351,1.3233747266128169,1.4640519008054569,813000000000000.0
11.92788114820501,1.3253448102672445,1.466479634836262,814000000000000.0
11.92733776815092,1.327312147187951,1.4689030784780073,815000000000000.0
11.926587338660722,1.3292768516784286,1.4713279911810953,816000000000000.0
11.92590315554742,1.33124056222853,1.4737418239362683,817000000000000.0
11.925181694346184,1.33319939477724,1.4761578082657036,818000000000000.0
11.924259495439253,1.3351561209436598,1.478569721024643,819000000000000.0
11.924027801224964,1.3371109571620496,1.4809829563372323,820000000000000.0
11.921179947906394,1.3390581309388565,1.4833883611714764,821000000000000.0
11.92192940959989,1.3410089007913957,1.4857953712237588,822000000000000.0
11.921168315058287,1.3429597234317807,1.488212079256292,823000000000000.1
11.920225257936911,1.3448969787441063,1.4906029801838805,824000000000000.0
11.919269099623635,1.3468396486985472,1.4930061517483144,825000000000000.0
11.91875797586676,1.3487826801367575,1.4954078477537127,826000000000000.0
11.917783060839234,1.3507098229240602,1.497795011504334,827000000000000.0
11.9170099692015,1.3526471353093197,1.5001881807037725,828000000000000.0
11.91598564748565,1.3545697999030135,1.5025684771801868,829000000000000.0
11.915159203453694,1.356496714177308,1.5049563439860816,830000000000000.0
11.914161531644476,1.3584226627602682,1.507343898400641,831000000000000.0
11.913855479488495,1.3603465011108962,1.5097266901283553,832000000000000.0
11.91285494151515,1.3622133521472557,1.5120443212859598,833000000000000.1
11.911889374964625,1.3640824269185947,1.514365922888685,834000000000000.0
11.911321131179587,1.3659532471643916,1.5166866636777083,835000000000000.0
11.910352374958752,1.367816807820916,1.5189967850404638,836000000000000.0
11.909706207196193,1.3696777007727117,1.5213092634942962,837000000000000.0
11.908563887779716,1.3715353157469217,1.523619133660443,838000000000000.0
11.908148121979925,1.3733938295409425,1.5259285490850745,839000000000000.0
11.907294690357986,1.3752449909549649,1.5282305178030444,840000000000000.0
11.906430616621929,1.3770901354878649,1.5305279414220805,841000000000000.0
11.90569290289003,1.37893510906904,1.5328237808741043,842000000000000.0
11.904659287480428,1.3807769648047736,1.5351166232531903,843000000000000.1
11.903441749661352,1.382616845364449,1.537408462175175,844000000000000.0
11.902306301842605,1.3844556730991553,1.5397011047074187,845000000000000.0
11.902178888321753,1.386285094460386,1.5419793214765554,846000000000000.0
11.901243348360481,1.3881153838431568,1.5442613113707302,847000000000000.0
11.900429908662293,1.3899412912416558,1.5465380138716407,848000000000000.0
11.899652825407404,1.391766324877974,1.5488153171566854,849000000000000.0
11.898298034103613,1.3935803089370835,1.5510762631348658,850000000000000.0
11.897730965576383,1.3953971349973926,1.5533418962102747,851000000000000.0
11.896983797587822,1.3972166340669605,1.5556167182318956,852000000000000.0
11.895985933352973,1.399014591594652,1.5578630846517256,853000000000000.1
11.894771264391508,1.4008245479049335,1.5601257165261686,854000000000000.0
11.894350554567563,1.4026369478292466,1.5623931624305232,855000000000000.0
11.893293450483876,1.4044327240959391,1.5646337921445297,856000000000000.0
11.892482727630082,1.40623312614084,1.566887160515837,857000000000000.0
11.891632411042075,1.4080269798097378,1.5691324184994588,858000000000000.0
11.890171586873238,1.4098172528004291,1.571374272383835,859000000000000.0
11.889704615090649,1.4116062065941273,1.5736142503464208,860000000000000.0
11.888907632168813,1.4133947641415814,1.5758554912929448,861000000000000.0
11.887949717223792,1.415174002080234,1.5780850932967552,862000000000000.0
11.886967509218044,1.4169598686454763,1.5803282791113542,863000000000000.1
11.886094292226815,1.4187334421717523,1.5825534084337387,864000000000000.0
11.885260850038007,1.4205082404319085,1.58477973329474,865000000000000.0
11.883963075785944,1.4222765378390012,1.58699852284189,866000000000000.0
11.883459840264413,1.424043215942214,1.589211773046926,867000000000000.0
11.882282530953304,1.425809521373054,1.5914361231511518,868000000000000.0
11.881541941001315,1.427570372070328,1.5936480278834135,869000000000000.0
11.880639759307225,1.429327914496754,1.5958573258100737,870000000000000.0
11.879252730135171,1.4310746331248951,1.5980452598396988,871000000000000.0
11.878473216483373,1.432826832290033,1.6002491070847704,872000000000000.0
11.877911583817134,1.4345750404477322,1.602452495945752,873000000000000.0
11.877014123312168,1.436322782444175,1.6046500784109972,874000000000000.0
11.875389246009279,1.4380658744580987,1.6068431711815905,875000000000000.0
11.874472704528506,1.4398048593390256,1.6090334828702886,876000000000000.0
11.873881520634987,1.4415386894178095,1.6112216092415046,877000000000000.0
11.872895785218825,1.4432687943802258,1.6134002071904887,878000000000000.0
11.871755274196616,1.4450114705771475,1.61560092091261,879000000000000.0
11.871055336946672,1.4467397065391627,1.6177811387512468,880000000000000.0
11.869858240047602,1.448455934987164,1.619943051228775,881000000000000.0
11.869109797188516,1.4501758054530072,1.6221153739602423,882000000000000.0
11.868242563353887,1.4518920720605533,1.6242799535385943,883000000000000.0
11.867060677762876,1.4536096744280262,1.626448536635792,884000000000000.0
11.865584478099516,1.455320288553533,1.6286085343562706,885000000000000.0
11.86512888859233,1.457033391532188,1.6307753281055584,886000000000000.0
11.863959574664975,1.4587319476528164,1.632924992095335,887000000000000.0
11.863000143984387,1.460441063372564,1.6350842014857798,888000000000000.0
11.861966246692752,1.462132058132254,1.6372243200740393,889000000000000.0
11.861102345587234,1.46383235402365,1.6393739823669558,890000000000000.0
11.860120536163402,1.4655308565513223,1.6415301400380788,891000000000000.0
11.858513907924044,1.4672194764795152,1.6436678249773355,892000000000000.1
11.857862988032846,1.4689084260010503,1.6458054177255417,893000000000000.0
11.857180792095113,1.4705932005694795,1.6479396690716657,894000000000000.0
11.856007844738414,1.472267995291536,1.650062262402084,895000000000000.0
11.854874129226667,1.4739552453444014,1.6522086744020072,896000000000000.0
11.854128701138398,1.4756232289379707,1.654319452778018,897000000000000.0
11.852718872897242,1.4772958253481734,1.6564422133394814,898000000000000.0
11.851472968907899,1.4789696456567305,1.6585671037634675,899000000000000.0
11.851006341553404,1.480640709335959,1.660691196128251,900000000000000.0
11.849653086769091,1.4822999486356587,1.6627976251611811,901000000000000.0
11.848623746295777,1.4839632131784848,1.6649155149247248,902000000000000.0
11.847461901286707,1.485615827610539,1.6670124502530794,903000000000000.0
11.846508248890627,1.4872695793875157,1.669116928311244,904000000000000.0
11.845417431448247,1.4889192053250808,1.6712149985438325,905000000000000.0
11.844188201911585,1.4905694864900816,1.6733147478945458,906000000000000.0
11.843195314286113,1.4922216364063623,1.675423233660466,907000000000000.0
11.842202824213462,1.4938581161275155,1.6775028083962873,908000000000000.0
11.840894442372774,1.4955014266771078,1.6795972048439491,909000000000000.0
11.839817271294613,1.4971352057314096,1.6816786380443258,910000000000000.0
11.839024813756838,1.4987706334753392,1.6837637858303365,911000000000000.0
11.838077024340976,1.5004064065953695,1.685856019099662,912000000000000.0
11.836806313668394,1.50203237328359,1.6879284651701567,913000000000000.0
11.835667317667756,1.5036517541174843,1.6899905399167332,914000000000000.0
11.834849542200313,1.5052769440092226,1.6920668095695304,915000000000000.0
11.833527284567321,1.5068917435363527,1.69412858274381,916000000000000.0
11.831971345893251,1.5085076453501107,1.6961930121901023,917000000000000.0
11.831152671895747,1.510127031508395,1.6982652798624187,918000000000000.0
11.830257825031344,1.5117362484751822,1.7003211780221004,919000000000000.0
11.829184317667872,1.5133431272028257,1.702375419192338,920000000000000.0
11.827975625973881,1.514949307442764,1.704431146088134,921000000000000.0
11.826951424806962,1.5165556237600186,1.7064934523269808,922000000000000.0
11.825691616287102,1.518144576586406,1.7085231038380084,923000000000000.0
11.824440776136795,1.5197425299007408,1.7105677941866066,924000000000000.0
11.823108570197586,1.5213363800806046,1.712606977780759,925000000000000.0
11.822586516324472,1.5229218078985505,1.7146439355722287,926000000000000.0
11.821263358063073,1.5245083070502414,1.7166753276443123,927000000000000.0
11.82012016243596,1.5260902195002648,1.7187006763471675,928000000000000.0
11.818967201086119,1.5276700355980737,1.7207280111327288,929000000000000.0
11.818031128201625,1.5292500438386425,1.7227556719199255,930000000000000.0
11.816684434197539,1.5308251595002818,1.7247797953972848,931000000000000.0
11.81540210600792,1.5323997163666925,1.7268030636031608,932000000000000.0
11.814509621580713,1.5339731815284443,1.7288277309222766,933000000000000.0
11.813353737060066,1.5355389446854173,1.7308401907358415,934000000000000.0
11.811857717194385,1.537102197970902,1.7328445051133574,935000000000000.0
11.81090803764317,1.5386617120360857,1.7348498990864427,936000000000000.0
11.809561961546983,1.5402150073346093,1.7368497615535758,937000000000000.0
11.808317877391362,1.541767727114391,1.7388468991367485,938000000000000.0
11.807502229252973,1.5433210211422672,1.7408439021080566,939000000000000.0
11.80618986082706,1.544869652380233,1.7428390005094745,940000000000000.0
11.805144863600512,1.546419835234795,1.7448370104001756,941000000000000.0
11.803900407257693,1.5479669857139036,1.7468345298176986,942000000000000.0
11.80272186243968,1.549504604867483,1.7488157248200549,943000000000000.0
11.801496913568847,1.5510425131375865,1.7507995308589177,944000000000000.0
11.800189016298908,1.5525762897647375,1.7527785511267902,945000000000000.0
11.799161850214345,1.5541098290422868,1.7547583067181547,946000000000000.0
11.797919544442136,1.555642093609372,1.756734477199012,947000000000000.0
11.796635635671413,1.557168477655468,1.75870554721825,948000000000000.0
11.795599449166115,1.5586900390701277,1.7606692869662182,949000000000000.0
11.79431872412504,1.560215189917729,1.7626489572202313,950000000000000.0
11.793358850388925,1.5617326500805426,1.764605191635348,951000000000000.0
11.791770642630338,1.5632418343912815,1.7665534474654938,952000000000000.0
11.790790606893209,1.5647532408560365,1.768508179700768,953000000000000.0
11.789452254329081,1.5662659223030226,1.770465469694855,954000000000000.0
11.78827766872894,1.5677708637385748,1.7724182113448943,955000000000000.0
11.786983124736075,1.5692742893946414,1.7743650911346975,956000000000000.0
11.785854733081695,1.5707754742730924,1.7763101349980592,957000000000000.0
11.784500398787054,1.5722736826573769,1.7782519907524648,958000000000000.0
11.783330566430251,1.5737680471999282,1.780184575838824,959000000000000.0
11.782260760575445,1.5752610857930016,1.7821204782412785,960000000000000.0
11.780799118724635,1.5767494066642325,1.7840506696838776,961000000000000.0
11.77960837236258,1.5782378317829384,1.7859838977560143,962000000000000.0
11.778461376924719,1.5797178469821973,1.7879041622406888,963000000000000.0
11.777029028231173,1.581197879848886,1.7898268478555732,964000000000000.0
11.775797081090136,1.582678914126574,1.7917516253650776,965000000000000.0
11.774389598239484,1.5841546072411,1.7936676668183842,966000000000000.0
11.773613562337381,1.5856366861511908,1.7955977293394598,967000000000000.0
11.772309708944825,1.5870988525969023,1.797494610126572,968000000000000.0
11.770650697447493,1.5885675732605813,1.799411472734198,969000000000000.0
11.769591836801649,1.5900349229069433,1.8013212649805157,970000000000000.0
11.768084331429966,1.5914971891000955,1.803224509323898,971000000000000.0
11.766717479847467,1.5929548879052646,1.8051229704774607,972000000000000.0
11.765571181566296,1.594403739119364,1.8070058691977964,973000000000000.0
11.764135259656944,1.5958568276723344,1.808901068941184,974000000000000.0
11.763169378628364,1.5973102400439003,1.8107957041682603,975000000000000.0
11.761892420140061,1.5987583904811535,1.8126796361721431,976000000000000.0
11.760784101578945,1.6002004335267372,1.8145650681742664,977000000000000.0
11.759219716760686,1.601638141552591,1.8164425918900255,978000000000000.0
11.758130278342323,1.603083082490192,1.8183262243127296,979000000000000.0
11.756837476955265,1.6045261990125026,1.8202095150847009,980000000000000.0
11.755524132223142,1.6059601456140968,1.82208728120982,981000000000000.0
11.753711376937382,1.6073890759972802,1.8239514030160888,982000000000000.0
11.752819469314987,1.60881553926904,1.825815987738616,983000000000000.0
11.751626044771507,1.6102396426166232,1.8276762949063672,984000000000000.0
11.7503944361019,1.6116677096806231,1.8295458629806785,985000000000000.0
11.748585842020287,1.6130941299297277,1.8314152094462808,986000000000000.0
11.747658763611724,1.6145147333604006,1.8332742689888144,987000000000000.0
11.746345237770159,1.6159267077515305,1.8351261247506567,988000000000000.0
11.745170519561052,1.6173329395202187,1.8369645972117803,989000000000000.0
11.743841172527222,1.618748415749594,1.8388178838566271,990000000000000.0
11.742306706789137,1.6201553987576205,1.840664232930872,991000000000000.0
11.74112305760735,1.6215538047704894,1.8424959586886032,992000000000000.0
11.739741171291596,1.6229545255229745,1.8443315264289808,993000000000000.0
11.738355641922286,1.6243428885856206,1.8461521105546788,994000000000000.0
11.737294650955947,1.625696496453834,1.8479296249907688,995000000000000.0
11.735601243190064,1.6270421276694438,1.8497005691891808,996000000000000.0
11.734605018436856,1.6283796064552492,1.8514530591523644,997000000000000.0
11.733361546871114,1.6297163166008963,1.8532108301818968,998000000000000.0
11.731698949467528,1.6310562301718017,1.8549712502958804,999000000000000.0
11.730545808885632,1.6323883677549598,1.8567304830271127,1000000000000000.0
11.729472800528233,1.6337233396038051,1.8584901700352552,1001000000000000.0
11.728159374905644,1.6350419323187293,1.860214397311296,1002000000000000.0
11.726747817678586,1.636365664550683,1.8619546676736871,1003000000000000.0
11.725555961511214,1.6376901732420306,1.8637095149492369,1004000000000000.0
11.72414664674233,1.6390024370376093,1.8654321049506115,1005000000000000.0
11.7228504545741,1.640309616523714,1.867153586771284,1006000000000000.0
11.72137193480662,1.6416206723890407,1.8688812515537647,1007000000000000.0
11.720415712926245,1.6429307466900889,1.8706085606530325,1008000000000000.0
11.71893548229215,1.644240818173482,1.8723386525001495,1009000000000000.0
11.717546991878894,1.64553786469348,1.8740474918168375,1010000000000000.0
11.716443761773192,1.6468390785642744,1.875765044036792,1011000000000000.0
11.715035454146335,1.6481384845525815,1.8774770308113513,1012000000000000.0
11.71343467446626,1.6494294079209333,1.8791852926133013,1013000000000000.0
11.711987332242579,1.650717878467592,1.8808824864754927,1014000000000000.0
11.710999337392881,1.6520045499309577,1.8825829286888232,1015000000000000.0
11.709704306205987,1.6532940889790628,1.884289230717136,1016000000000000.0
11.708436298044395,1.6545721837270673,1.8859757256626408,1017000000000000.0
11.707067098083336,1.6558507199643466,1.887667371929552,1018000000000000.0
11.705678124506294,1.6571274784378105,1.8893552155443845,1019000000000000.0
11.704353366347187,1.6584020108100317,1.8910420456479,1020000000000000.0
11.703202702372787,1.659677922855583,1.8927349199804329,1021000000000000.0
11.701888326197196,1.6609548203606774,1.8944287514841665,1022000000000000.0
11.700285052259543,1.6622149997447184,1.8960974375385484,1023000000000000.0
11.698714711104202,1.6634697026124985,1.8977578833861044,1024000000000000.0
11.697561913779118,1.6647268759011402,1.8994194922980503,1025000000000000.0
11.696413526531115,1.665981386002631,1.9010823216955797,1026000000000000.0
11.694880513395354,1.6672365466356307,1.9027474210746809,1027000000000000.0
11.693684153766837,1.6684882463545745,1.9044097085250629,1028000000000000.0
11.69221591973026,1.669734986252787,1.9060633219761949,1029000000000000.0
11.69109295617441,1.6709801346825806,1.90771849618176,1030000000000000.0
11.689589748945176,1.672218441934607,1.9093599448162548,1031000000000000.0
11.68794912504528,1.6734636731580708,1.9110160068817588,1032000000000000.0
11.686705141923827,1.6746975189018507,1.912653310063932,1033000000000000.0
11.684443945107011,1.6759319698207256,1.9142955950512253,1034000000000000.0
11.683977642877812,1.6771625494744973,1.9159319155902976,1035000000000000.0
11.682746209759905,1.6783928600633804,1.9175652751514,1036000000000000.0
11.681703680149171,1.6796180834612102,1.91919383146554,1037000000000000.0
11.679789635316016,1.6808346446353473,1.9208201378416525,1038000000000000.0
11.678411070726636,1.6820502347406414,1.9224308358030808,1039000000000000.0
11.677235812226494,1.6832709967786454,1.9240543481952104,1040000000000000.0
11.675729385160231,1.6844810711592253,1.925670492187976,1041000000000000.0
11.67473372183886,1.685695557820226,1.927285497655888,1042000000000000.0
11.673153294460668,1.6869041839232362,1.9288946807365723,1043000000000000.0
11.671634706354668,1.6881108555892406,1.930508683164171,1044000000000000.0
11.670351773984773,1.6893114879442406,1.9321061992865871,1045000000000000.0
11.668974312959545,1.6905085623246547,1.9337044515194393,1046000000000000.0
11.66732221237666,1.6917109288792995,1.9353109480192308,1047000000000000.0
11.665766881086562,1.6929029942291896,1.9368976289834967,1048000000000000.0
11.664481841364374,1.6940922213402458,1.9384845946472105,1049000000000000.0
11.663380274251821,1.69528670059791,1.940082374267424,1050000000000000.0
11.661827547700806,1.6964683660497126,1.941662775075479,1051000000000000.0
11.660669058158733,1.697648432247221,1.9432358268334224,1052000000000000.0
11.659146126694484,1.6988324743349152,1.9448179992210612,1053000000000000.0
11.657768960512191,1.7000110928894,1.9463938967269576,1054000000000000.0
11.656102624834066,1.701184221207054,1.9479619020844148,1055000000000000.0
11.654834964267813,1.70235743512094,1.9495375768198644,1056000000000000.0
11.653476406355292,1.703525786065736,1.9510964379402085,1057000000000000.0
11.651852838161245,1.7046812330079886,1.9526418491227249,1058000000000000.0
11.650271225395773,1.7058588360989555,1.954218983223124,1059000000000000.0
11.649082518125587,1.7070198825554823,1.9557700846815835,1060000000000000.0
11.647493850780561,1.7081781290360267,1.9573318757958649,1061000000000000.0
11.646126984416131,1.7093360044934287,1.9588752867749244,1062000000000000.0
11.644850586190374,1.710484038901685,1.9604159860016497,1063000000000000.0
11.643304726874938,1.7116369254174686,1.9619606366524387,1064000000000000.0
11.64192355474425,1.712789737612861,1.9635122274620027,1065000000000000.0
11.640506195843628,1.713926621956793,1.965033621077066,1066000000000000.0
11.639003127552282,1.715080846583938,1.9665876836017733,1067000000000000.0
11.637366971806886,1.7162111217018294,1.9680983401183736,1068000000000000.0
11.635889142567999,1.717352566224012,1.9696301408841477,1069000000000000.0
11.634911818112464,1.7184944193857046,1.9711676847861648,1070000000000000.0
11.633253372506902,1.7196118024655809,1.97266477059855,1071000000000000.0
11.631822035720885,1.720752797329371,1.9742048055330228,1072000000000000.0
11.630337472387652,1.7218799064598649,1.9757204936305088,1073000000000000.0
11.628885806969087,1.7230047674683868,1.977233054082644,1074000000000000.0
11.627263248662587,1.7241223920542228,1.9787356695472635,1075000000000000.0
11.625995392431973,1.7252403941335066,1.9802371920684536,1076000000000000.0
11.624575730456668,1.7263605960990056,1.981746589512129,1077000000000000.0
11.622793874311464,1.7274709914966802,1.9832397174152248,1078000000000000.0
11.621453107861823,1.7285798007568725,1.9847308037478837,1079000000000000.0
11.619950278974867,1.729687879985372,1.9862247915242683,1080000000000000.0
11.618342674526682,1.7308016121616152,1.9877226884765664,1081000000000000.0
11.617166371454847,1.7319047355194253,1.9892100123344136,1082000000000000.0
11.615703998653155,1.7330045719293603,1.9906962851381795,1083000000000000.0
11.614287284367073,1.7341043343130345,1.9921822635379416,1084000000000000.0
11.612728878780556,1.735202102301414,1.993664778254304,1085000000000000.0
11.611408312212674,1.7362975550783633,1.9951433067601103,1086000000000000.0
11.609863660707363,1.737388809885157,1.9966128896848796,1087000000000000.0
11.608266885632998,1.7384737458243107,1.9980788773729128,1088000000000000.0
11.60690632220269,1.7395610859573585,1.9995431987713324,1089000000000000.0
11.605262939224147,1.7406457806561328,2.0010116751469,1090000000000000.0
11.603686556646306,1.7417325126702372,2.002490366004655,1091000000000000.0
11.602343823396213,1.7428031829433188,2.003926864790104,1092000000000000.0
11.600771560667253,1.743878268200684,2.005385931950492,1093000000000000.0
11.59951376117293,1.7449522284767012,2.0068307092776045,1094000000000000.0
11.597817608769649,1.7460284326362556,2.0082945314391814,1095000000000000.0
11.59648089983184,1.7470939906299394,2.009738725436404,1096000000000000.0
11.594932659601955,1.74815620386888,2.011166515140961,1097000000000000.0
11.5934301174921,1.749221430186206,2.0126178675047455,1098000000000000.0
11.59195858929341,1.7502888463500064,2.0140680141460723,1099000000000000.0
11.590173004029165,1.7513338574513504,2.0154753799956606,1100000000000000.0
11.588689403484265,1.7523964283540767,2.016920353659092,1101000000000000.0
11.5872385363364,1.7534486657830657,2.0183458806848824,1102000000000000.0
11.585796981574035,1.7545073155959607,2.019780712646823,1103000000000000.0
11.584494055634261,1.7555461793159328,2.0211870293719354,1104000000000000.0
11.582693689538061,1.7565973326644562,2.0226182392533487,1105000000000000.0
11.581187645470242,1.757639942147052,2.024032402944093,1106000000000000.0
11.579843214220256,1.7586793211684542,2.0254418788471527,1107000000000000.0
11.57821414087332,1.7597202380184007,2.0268594153665407,1108000000000000.0
11.576677900491882,1.7607489180154077,2.028246761861468,1109000000000000.0
11.575170177906672,1.7617895463520232,2.029666627419088,1110000000000000.0
11.573688559450314,1.7628227605616105,2.0310724859398706,1111000000000000.0
11.572150282823404,1.7638518430892804,2.0324703005944174,1112000000000000.0
11.570888494479732,1.7648796681253556,2.0338681218865733,1113000000000000.0
11.569184605730019,1.7658988942147786,2.035256246942832,1114000000000000.0
11.567585096856337,1.7669170776202276,2.03663801045961,1115000000000000.0
11.565991798453094,1.7679363287478491,2.0380279997696604,1116000000000000.0
11.564482760157993,1.7689599260990732,2.0394225731110835,1117000000000000.0
11.563111937512947,1.7699758696206636,2.040806574883418,1118000000000000.0
11.561483281100555,1.7709882965532766,2.042187716810742,1119000000000000.0
11.55978041260406,1.771990501747345,2.04355162409868,1120000000000000.0
11.558671166269924,1.7730067142868389,2.044942630465283,1121000000000000.0
11.556969994366172,1.774009350802756,2.04629976366254,1122000000000000.0
11.555396117751567,1.7750079531521286,2.0476636142357005,1123000000000000.0
11.553823201991275,1.776017051116494,2.049051389618357,1124000000000000.0
11.552041742642071,1.777012928327836,2.050409268928856,1125000000000000.0
11.550725186836155,1.7780044980853722,2.0517613481274495,1126000000000000.0
11.549132683569741,1.7790001050629594,2.053116851386468,1127000000000000.0
11.547458090038626,1.7799871812831187,2.054470179181659,1128000000000000.0
11.545849082025873,1.7809784351586837,2.0558259724716272,1129000000000000.0
11.544445615496912,1.7819678767046685,2.0571828923032625,1130000000000000.0
11.542676091975533,1.7829510489061142,2.058523866131482,1131000000000000.0
11.541208255765586,1.7839270770609066,2.0598554740596997,1132000000000000.0
11.539787829689402,1.7849059203600444,2.0611886401149992,1133000000000000.0
11.538221773206002,1.785883396527392,2.0625271431895453,1134000000000000.0
11.53659228256555,1.7868531557659106,2.0638496046590555,1135000000000000.0
11.535236817163696,1.7878258750118847,2.065185061698448,1136000000000000.0
11.533383063129607,1.7887951134211133,2.066509627597229,1137000000000000.0
11.531869243422921,1.7897676237314073,2.067844789529656,1138000000000000.0
11.530208861747859,1.7907315929408316,2.069165113941443,1139000000000000.0
11.528958388391265,1.7916998951669902,2.0704951496537247,1140000000000000.0
11.527156271472045,1.7926613498672197,2.0718150949455247,1141000000000000.0
11.5257698703774,1.793626877312328,2.073141840514631,1142000000000000.0
11.524187604314534,1.7945797369502716,2.0744471649951755,1143000000000000.0
11.522471429176575,1.7955329574981187,2.075757710066989,1144000000000000.0
11.521054052645779,1.79648759393019,2.0770714860171173,1145000000000000.0
11.519332714907415,1.7974372302296475,2.078381278514484,1146000000000000.0
11.517938937681974,1.7983859117363412,2.079685226378638,1147000000000000.0
11.516455486231274,1.7993293336261658,2.0809724895236226,1148000000000000.0
11.514476612992587,1.8002583109759187,2.0822413662084545,1149000000000000.0
11.513028520515327,1.8012076250348716,2.083550837437971,1150000000000000.0
11.511268679990232,1.8021450751352617,2.0848370671776735,1151000000000000.0
11.509711636761349,1.803080114349933,2.086126539136095,1152000000000000.0
11.507966961797631,1.8040130394804947,2.087408164817581,1153000000000000.0
11.50667298772932,1.804951212782272,2.0887050202963118,1154000000000000.0
11.5052112026195,1.805879666996584,2.089984475073315,1155000000000000.0
11.50371082794016,1.8067996532490584,2.091242413384607,1156000000000000.0
11.501858687673492,1.8077223720869544,2.092517008716916,1157000000000000.0
11.500345812112776,1.808647009337136,2.093790574419147,1158000000000000.0
11.498726006032463,1.8095657019874671,2.0950587678209147,1159000000000000.0
11.497221812584142,1.810491843523784,2.096337490755244,1160000000000000.0
11.495546187176455,1.8114077155493125,2.097601620852171,1161000000000000.0
11.493885138025492,1.81232358052998,2.098863111338628,1162000000000000.0
11.49216619097732,1.8132350689931496,2.1001268207589647,1163000000000000.0
11.49067933806958,1.8141455246124036,2.101381963713965,1164000000000000.0
11.489037525944092,1.8150560278507464,2.102646355261072,1165000000000000.0
11.487332970822495,1.815957587508108,2.103884092877069,1166000000000000.0
11.485783274752038,1.816867153953032,2.105141869252908,1167000000000000.0
11.48403417205815,1.8177591184913933,2.106367127404671,1168000000000000.0
11.482507971962747,1.8186554650984808,2.1076063029415915,1169000000000000.0
11.480975746545784,1.819554403446956,2.108852351164394,1170000000000000.0
11.479195872664256,1.8204569348138857,2.110105983042652,1171000000000000.0
11.477783214560269,1.8213442133547837,2.1113339075791564,1172000000000000.0
11.476249980770572,1.8222353030987348,2.11257096881386,1173000000000000.0
11.474590172626616,1.8231139532867515,2.1137785694142814,1174000000000000.0
11.472969648975356,1.8239949409240264,2.1149885399530413,1175000000000000.0
11.470947182072859,1.824877640875598,2.1162144505850446,1176000000000000.0
11.469887965227606,1.8257636462914613,2.117442685252448,1177000000000000.0
11.468092410951568,1.826642776170404,2.118657618079367,1178000000000000.0
11.466430331768336,1.8275214215280848,2.119878628206092,1179000000000000.0
11.465055504851895,1.8284014510100877,2.1211012099025406,1180000000000000.0
11.462990335109716,1.8292705978844528,2.122306947045378,1181000000000000.0
11.461767363643027,1.8301589968985337,2.12355001002888,1182000000000000.0
11.460106999009216,1.8310120327591035,2.1247301457218173,1183000000000000.0
11.4584109955684,1.83188759381658,2.125947513054865,1184000000000000.0
11.456699552875532,1.8327446600614596,2.1271313393789297,1185000000000000.0
11.455067191284039,1.8336066316172703,2.128330274386369,1186000000000000.0
11.453532417894325,1.8344673662386068,2.12952628020304,1187000000000000.0
11.451907412041654,1.8353098704926407,2.130696697939919,1188000000000000.0
11.450253835960519,1.8361257884513364,2.1318298411248726,1189000000000000.0
11.448634883453481,1.8369383040600789,2.132959834326331,1190000000000000.0
11.447222370646214,1.837748234387908,2.134088924690179,1191000000000000.0
11.445552883110794,1.8385532487332856,2.135207564011923,1192000000000000.0
11.444060655337822,1.8393602857843263,2.136331092924816,1193000000000000.0
11.442619705836954,1.84016359728772,2.1374496412330792,1194000000000000.0
11.440836518025467,1.8409661629304537,2.138567822759211,1195000000000000.0
11.439526217490432,1.841769635260928,2.139690566979744,1196000000000000.0
11.437896193458181,1.842568349507358,2.14080466914038,1197000000000000.0
11.436443047644456,1.8433643008048253,2.14191451925726,1198000000000000.0
11.43502693262028,1.8441538599714429,2.143013755820814,1199000000000000.0
11.433408167979383,1.8449609400788425,2.1441471187698125,1200000000000000.0
11.431726247280107,1.8457349770777431,2.145216754138674,1201000000000000.0
11.43027894403374,1.8465254558014867,2.146327145383911,1202000000000000.0
11.428578491103316,1.8473059144099864,2.1474067967133568,1203000000000000.0
11.426633875370355,1.8480726641162513,2.148476305799086,1204000000000000.0
11.422835498862431,1.8488659769424671,2.1495954142407023,1205000000000000.0
11.423913061775998,1.8496507432119065,2.1506972327520755,1206000000000000.0
11.422327688953114,1.8504202892344503,2.1517593724118296,1207000000000000.0
11.420563030700036,1.8511813091775449,2.152818392025626,1208000000000000.0
11.41911361084128,1.851954666098864,2.153900697452221,1209000000000000.0
11.417485398417904,1.8527247372826652,2.154975143624125,1210000000000000.0
11.41577387293243,1.8534892638157432,2.1560445756953235,1211000000000000.0
11.414245382208092,1.8542583832998825,2.157119696320657,1212000000000000.0
11.412692681929286,1.8550168346178495,2.1581813191376487,1213000000000000.0
11.411312818713697,1.8557844878596992,2.1592581381323326,1214000000000000.0
11.409679003203024,1.85654100568242,2.1603154146485912,1215000000000000.0
11.40803335129083,1.857297111222116,2.161373638810323,1216000000000000.0
11.406698216406523,1.8580647907212908,2.1624540162415324,1217000000000000.0
11.404975499060646,1.858807848770564,2.163487343236643,1218000000000000.0
11.403434116920696,1.8595487447557368,2.164526678821564,1219000000000000.0
11.401784098469706,1.860307231998672,2.165591065759948,1220000000000000.0
11.400330440012446,1.8610493257540732,2.1666305684802984,1221000000000000.0
11.398802041301725,1.8617934439366044,2.1676724296002883,1222000000000000.0
11.397276625907034,1.8625339992677492,2.168712310876151,1223000000000000.0
11.395347896092062,1.863271243702592,2.1697458351741457,1224000000000000.0
11.394102189732449,1.864018027469997,2.170796874770808,1225000000000000.0
11.392434570547788,1.8647502438109476,2.1718204962601493,1226000000000000.0
11.390707067582838,1.8654849134263327,2.1728535610427357,1227000000000000.0
11.389146973508575,1.8662227744320208,2.173895751613605,1228000000000000.0
11.38761282856357,1.8669416944606905,2.1749052626156384,1229000000000000.0
11.386109180652248,1.8676726166951672,2.1759239224622218,1230000000000000.0
11.38448257240351,1.8684004287736224,2.1769491892577912,1231000000000000.0
11.383039318975678,1.8691219577208988,2.177961386522646,1232000000000000.0
11.381419810933945,1.8698475992860368,2.1789868117849163,1233000000000000.0
11.379055947193473,1.870568772369144,2.1799996797699595,1234000000000000.0
11.37839053757076,1.871290993034,2.1810167254309727,1235000000000000.0
11.376691834564285,1.8720006378476977,2.182009002458511,1236000000000000.0
11.374890458171294,1.87271622124015,2.183016942617944,1237000000000000.0
11.373082221039095,1.87342134168744,2.184009293023108,1238000000000000.0
11.371800205065295,1.8741355972493263,2.1850150540254174,1239000000000000.0
11.369992567954373,1.8748408974894333,2.1860104024130416,1240000000000000.0
11.368646128365214,1.8755547988774848,2.1870150642422894,1241000000000000.0
11.366915744519787,1.8762552723939527,2.188004697103058,1242000000000000.0
11.365445479441512,1.87695885036864,2.1889967856947687,1243000000000000.0
11.363842826098855,1.8776534309889856,2.1899716396996665,1244000000000000.0
11.36219156469335,1.878349810599797,2.190956584872067,1245000000000000.0
11.360738276826966,1.8790511180958167,2.191946649182867,1246000000000000.0
11.359024123873672,1.8797432112661987,2.19292312121558,1247000000000000.0
11.357196920673411,1.8804318162720728,2.19389347207382,1248000000000000.0
11.356167970571866,1.8811376515361995,2.1948954910749845,1249000000000000.0
11.354071835567858,1.8818151427672225,2.1958452354277544,1250000000000000.0
11.352347188152747,1.8825055476071049,2.196817386606169,1251000000000000.0
11.350882455560972,1.8831838060092607,2.1977792058661616,1252000000000000.0
11.349417421264954,1.8838665044182528,2.198744442630305,1253000000000000.0
11.347874822980351,1.884542492923904,2.1996946376434283,1254000000000000.0
11.34615565564036,1.8852222005002488,2.200658770801125,1255000000000000.0
11.344577531041406,1.885908354680198,2.201630119958459,1256000000000000.0
11.343037460938403,1.8865834454068904,2.2025836729864623,1257000000000000.0
11.341365547551554,1.8872423797722613,2.2035052828017245,1258000000000000.0
11.339892988120331,1.88791882713138,2.2044689580958754,1259000000000000.0
11.338072205809008,1.8885963576274476,2.2054311875248547,1260000000000000.0
11.3366552447451,1.8892430629966024,2.2063342641202683,1261000000000000.0
11.334878081822064,1.88990992270334,2.2072772156813114,1262000000000000.0
11.333461980445184,1.8905831083156308,2.208241743631268,1263000000000000.0
11.33168915053127,1.8912471414887593,2.2091755998367617,1264000000000000.0
11.330097818377798,1.8919031256272505,2.2101104056559646,1265000000000000.0
11.328591285690324,1.8925650587446217,2.2110424685617094,1266000000000000.0
11.327010992935715,1.8932073594688572,2.211945740100901,1267000000000000.0
11.325393442482493,1.8938669754608468,2.2128925020139767,1268000000000000.0
11.323559960498061,1.894517293820492,2.213815703455706,1269000000000000.0
11.322346431128626,1.8951733685663337,2.2147430656115104,1270000000000000.0
11.320288339335596,1.895821342898795,2.2156604704967937,1271000000000000.0
11.319151323111615,1.8964763826362736,2.216598582566689,1272000000000000.0
11.31756778851201,1.8971142196816504,2.217501637876698,1273000000000000.0
11.31585530355848,1.89776078871305,2.218418166728169,1274000000000000.0
11.313880841712756,1.8983976887912912,2.2193189553511146,1275000000000000.0
11.312390176291457,1.8990445464010213,2.220239512225515,1276000000000000.0
11.310879808336331,1.899665825903836,2.221114381600948,1277000000000000.0
11.309159254007714,1.9003080796394332,2.222035561863455,1278000000000000.0
11.307383118207964,1.9009411070685995,2.222926748756046,1279000000000000.0
11.305849557807903,1.9015729517640247,2.223825925968282,1280000000000000.0
11.30418667001347,1.9022036280629369,2.224731563716027,1281000000000000.0
11.302626044631154,1.9028384013967632,2.22562840556342,1282000000000000.0
11.301264570475183,1.903467335106352,2.2265224910336614,1283000000000000.0
11.299316691559858,1.9040805065469053,2.2273970475877167,1284000000000000.0
11.297705647433055,1.9046977408735868,2.228264238002458,1285000000000000.0
11.296224567761275,1.905320467215446,2.229152639749834,1286000000000000.0
11.294591350633313,1.9059474312765288,2.2300463628432574,1287000000000000.0
11.293245195286682,1.906567887744531,2.2309397897991285,1288000000000000.0
11.291479441401975,1.9071801440709424,2.2318036637017453,1289000000000000.0
11.289640732949119,1.907797439947076,2.232687765581512,1290000000000000.0
11.288069872846744,1.9084055572329448,2.233552028605714,1291000000000000.0
11.286727216023465,1.9090301529233176,2.2344487612960773,1292000000000000.0
11.284705859116135,1.9096251192011569,2.2352860186240906,1293000000000000.0
11.283406804276373,1.9102294098073247,2.236146292250482,1294000000000000.0
11.281662203275099,1.910843189993616,2.237027342477559,1295000000000000.0
11.279980828420825,1.9114452405676905,2.237885239949308,1296000000000000.0
11.277520428853554,1.9120476951629792,2.23874491463212,1297000000000000.0
11.276725134011546,1.9126453916266295,2.239592783962421,1298000000000000.0
11.275061259465033,1.91324701882867,2.240453955993035,1299000000000000.0
11.273185841747797,1.9138363576584945,2.241295215528524,1300000000000000.0
11.271869203405554,1.9144294782261209,2.242139307208373,1301000000000000.0
11.269786326192422,1.9150209211915408,2.24298611511574,1302000000000000.0
11.268472438079693,1.9156087607306287,2.243821280552992,1303000000000000.0
11.266999551012786,1.916206336699888,2.244678866062658,1304000000000000.0
11.265023767773894,1.9167967582062235,2.245524953767366,1305000000000000.0
11.26366121015168,1.917379398198572,2.246354979732068,1306000000000000.0
11.262093720443154,1.91796422687959,2.247190320168219,1307000000000000.0
11.260217319700224,1.9185428802542777,2.2480142886375774,1308000000000000.0
11.258700922730664,1.9191263107804328,2.2488477583630786,1309000000000000.0
11.256682752583286,1.9197067200367632,2.2496767659632786,1310000000000000.0
11.255468549681964,1.92028684445441,2.250511750902737,1311000000000000.0
11.253895737959557,1.9208691673220464,2.251350439127188,1312000000000000.0
11.25192942949989,1.9214360623214388,2.252156390224453,1313000000000000.0
11.250322379358835,1.9220110907277923,2.2529790039906312,1314000000000000.0
11.24886009595074,1.922582237705448,2.253799236965897,1315000000000000.0
11.247280741486973,1.9231628238997749,2.2546374527526973,1316000000000000.0
11.245583568652645,1.923735530196668,2.2554568701260616,1317000000000000.0
11.244019403534908,1.9242993301522813,2.2562660032117248,1318000000000000.0
11.242299076974776,1.924854839404712,2.257059320384635,1319000000000000.0
11.240815325112424,1.9254157606880016,2.257858529280377,1320000000000000.0
11.238760140493907,1.925969051475918,2.258650336407059,1321000000000000.2
11.237987710673973,1.9265296273179409,2.2594531698568607,1322000000000000.0
11.235757823950939,1.9270892528715076,2.2602560949987134,1323000000000000.0
11.234233947059383,1.927650141154772,2.261062251637709,1324000000000000.0
11.232399078836604,1.928209715614425,2.2618703197786947,1325000000000000.0
11.231005584733424,1.928759525515586,2.26265949910817,1326000000000000.0
11.229245343215467,1.9293076686165973,2.263444474901944,1327000000000000.0
11.22736420066533,1.9298660561356529,2.2642470794191687,1328000000000000.0
11.225928633056387,1.9304045959495448,2.265016203792767,1329000000000000.0
11.224193695721311,1.9309476255976323,2.265797572443262,1329999999999999.8
11.222666583881946,1.9315037761032487,2.2666009598723003,1331000000000000.0
11.220896977206474,1.932044823892045,2.2673755600294307,1332000000000000.2
11.219355160439699,1.932585653266761,2.268155024242045,1333000000000000.0
11.217747615699091,1.9331399898885144,2.2689569265036766,1334000000000000.0
11.215782524070661,1.9336641846749745,2.2697054934503447,1335000000000000.0
11.214482383109004,1.9342077994907412,2.270490085964088,1336000000000000.0
11.212689696587812,1.9347349210230853,2.271242739231596,1337000000000000.0
11.211131981078818,1.9352691382426184,2.272013068857944,1338000000000000.0
11.209328982326383,1.9358072737572332,2.2727882862966995,1339000000000000.0
11.207945725103254,1.9363465077221813,2.273573800503283,1340000000000000.0
11.205974797197706,1.936865961075632,2.274313936877326,1341000000000000.2
11.204459271419573,1.9373994635993048,2.2750886302153095,1342000000000000.0
11.202866184758454,1.9379271440572896,2.275845449026542,1343000000000000.0
11.201275107196492,1.9384479217525896,2.276594378091719,1344000000000000.0
11.199441427900098,1.9389820423884327,2.27737442554208,1345000000000000.0
11.197869806178145,1.9394978137617944,2.2781194620642298,1346000000000000.0
11.196232807291192,1.940012199335694,2.278848875833825,1347000000000000.0
11.194518995124099,1.940534074737086,2.279604113898275,1348000000000000.0
11.192979598449238,1.9410572070609449,2.2803660748544408,1349000000000000.0
11.191393505878828,1.9415638126987953,2.281087833263608,1349999999999999.8
11.189855047164237,1.9420817672088784,2.281841444002667,1351000000000000.0
11.187716912925609,1.9425822537961772,2.282556209729375,1352000000000000.0
11.186221671407925,1.9430870680657168,2.2832808275977814,1353000000000000.0
11.184511128242356,1.9436103097535793,2.2840501295951334,1354000000000000.0
11.182851742250644,1.9441253924325368,2.284798489346461,1355000000000000.0
11.181287724567804,1.9446260672609503,2.285510812121653,1356000000000000.0
11.179683215679894,1.9451292216945375,2.2862416304558697,1357000000000000.0
11.177990993327603,1.9456250143154807,2.286953523782624,1358000000000000.0
11.1761526520453,1.9461275880986328,2.2876753632464677,1358999999999999.8
11.17478963926442,1.9466353886155885,2.2884154513595645,1360000000000000.0
11.173125796477523,1.9471292201785744,2.289127533429362,1361000000000000.2
11.171364366292071,1.9476254074854409,2.2898464450140543,1362000000000000.0
11.16922619501278,1.9481255645740945,2.2905822656121666,1363000000000000.0
11.16808214184534,1.9486166241280352,2.2912815010597853,1364000000000000.0
11.166421233441927,1.949108607230566,2.2919930720444595,1365000000000000.0
11.164814001967606,1.9496071296533335,2.292718462343608,1366000000000000.0
11.162933970596855,1.9500978084021865,2.2934300091615745,1367000000000000.0
11.161511068191583,1.9506013166696512,2.294166609711272,1368000000000000.0
11.159843521911027,1.9510715447923612,2.294841038830676,1369000000000000.0
11.158184462585748,1.9515562417083747,2.295546541652288,1369999999999999.8
11.156481015615881,1.9520405999218489,2.296239850587546,1371000000000000.0
11.154808867078954,1.952522510103044,2.296941775868336,1372000000000000.0
11.15305133809306,1.9530013729782167,2.297635533084908,1373000000000000.0
11.151422092033643,1.9534820384742029,2.298329712176104,1374000000000000.0
11.149672988528671,1.9539541577582848,2.299012993799603,1375000000000000.0
11.148275423105163,1.9544290617315656,2.299700868899039,1376000000000000.0
11.146402446810727,1.9549189186095464,2.300422308629959,1377000000000000.0
11.144764174089627,1.9553905188668588,2.301104744207312,1378000000000000.0
11.143296501957943,1.9558638268690351,2.3017889427367484,1378999999999999.8
11.141543862162003,1.9563323294236357,2.3024685839082983,1380000000000000.0
11.139734544538221,1.9568026986502387,2.3031521523270246,1381000000000000.2
11.137975997585185,1.9572708136280377,2.3038353492048445,1382000000000000.0
11.136490623025491,1.9577421797881505,2.304521822865168,1383000000000000.0
11.134710785448592,1.958208851852384,2.30520353814184,1384000000000000.0
11.133004675941649,1.9586678149922687,2.3058648036423253,1385000000000000.0
11.131561980009199,1.959118954076,2.306514199814202,1386000000000000.0
11.129735556223393,1.9595840766629544,2.307192393235192,1387000000000000.0
11.128232140661064,1.9600500349382608,2.3078750714520355,1388000000000000.0
11.126567747470208,1.9605081458850888,2.3085368248126588,1389000000000000.0
11.124880792873466,1.960966587515632,2.3092099811353246,1390000000000000.2
11.123193090238733,1.961426002040192,2.3098803336764746,1391000000000000.0
11.121409797846004,1.9618783570553529,2.310533958897068,1392000000000000.0
11.119443758815436,1.9623284972497443,2.3111888703251164,1393000000000000.0
11.118124763598061,1.9627829551840992,2.3118565506863846,1394000000000000.0
11.116383933410996,1.963225358997452,2.312494701339364,1395000000000000.0
11.114835177312452,1.96367670544886,2.313154261899855,1396000000000000.0
11.113082903347369,1.9641240763712149,2.313801765800802,1397000000000000.0
11.111498515875132,1.9645719110003752,2.3144610748557244,1398000000000000.0
11.109525675950445,1.9650161242269248,2.315112191392228,1398999999999999.8
11.107926673698651,1.965457695086986,2.315750942748055,1400000000000000.0
11.106529914527467,1.965903543629011,2.316402790761672,1401000000000000.2
11.104766783476425,1.9663435304013488,2.317041357790459,1402000000000000.0
11.103384444182966,1.96678674452608,2.317692231736344,1403000000000000.0
11.101658679008116,1.9672271922112308,2.3183382773387806,1404000000000000.0
11.099831812940014,1.9676568962090375,2.3189574504657746,1405000000000000.0
11.098232795937347,1.968094839712248,2.3196022116071475,1406000000000000.0
11.096372685004557,1.9685313512086289,2.32024057384739,1407000000000000.0
11.094776142135006,1.9689669179765208,2.3208775621801454,1408000000000000.0
11.092989441375453,1.969392930980886,2.3214957400557847,1409000000000000.0
11.091449039635561,1.9698266191446,2.3221316556678686,1410000000000000.2
11.089684534256401,1.9702556554493749,2.32275998596694,1411000000000000.0
11.088108229967746,1.970680857005504,2.323383620098213,1412000000000000.0
11.086045626966436,1.9711101885264584,2.324012696578252,1413000000000000.0
11.084622019429384,1.9715391792553625,2.3246373708457324,1414000000000000.0
11.082646604160681,1.9719538416376927,2.3252419623398213,1415000000000000.0
11.081222189146732,1.9723754216404927,2.3258577839512755,1416000000000000.0
11.079901707778149,1.9728064737871327,2.326497583407412,1417000000000000.0
11.077874706302762,1.9732305169328517,2.327117386435996,1418000000000000.0
11.076512134846343,1.9736530669954149,2.32774593356214,1418999999999999.8
11.074547873423784,1.9740432671979384,2.3283091073728825,1420000000000000.0
11.073325476951661,1.974445323392097,2.3289059259377094,1421000000000000.0
11.071577417676592,1.9748374235993875,2.3294732818590966,1422000000000000.0
11.069930746642225,1.9752324298147823,2.330052461359648,1423000000000000.0
11.068418377414806,1.9756243960645807,2.330626017610377,1424000000000000.0
11.0667326632915,1.9760151216971529,2.331199053291296,1425000000000000.0
11.06498433067367,1.9764038281709435,2.331764473379736,1426000000000000.0
11.063518516943505,1.9767880366791684,2.3323264489923603,1427000000000000.0
11.061939275570731,1.9771771540857452,2.3328975807767054,1427999999999999.8
11.060520635540174,1.9775669819756108,2.3334738216707467,1429000000000000.0
11.058721731516297,1.9779507059895465,2.3340352756525613,1430000000000000.2
11.05715033386302,1.9783377253250252,2.334607939497777,1431000000000000.0
11.055430959985886,1.9787173288487565,2.335160620159176,1432000000000000.0
11.053895254144333,1.979113981215932,2.335753317659327,1433000000000000.0
11.052384355409417,1.9794880606215128,2.336294261556972,1434000000000000.0
11.051043191238758,1.979869407413684,2.336854669231454,1435000000000000.0
11.049294929119501,1.9802516485202553,2.3374218797390287,1436000000000000.0
11.047853857334905,1.9806278605046816,2.3379742555321306,1437000000000000.0
11.045933481922882,1.9809959487772728,2.338515667598024,1438000000000000.0
11.044558581433474,1.9813705081605992,2.339061784329388,1438999999999999.8
11.042789474603488,1.9817494205984436,2.339623965761348,1440000000000000.0
11.041307757402928,1.9821167711731924,2.3401602602409755,1441000000000000.0
11.03970214520772,1.982486494046645,2.340703936328061,1442000000000000.0
11.038161147980203,1.9828542774202051,2.341241453488068,1443000000000000.0
11.03633122925766,1.9832392269608508,2.3418230619557554,1444000000000000.0
11.034782589614538,1.98358837907912,2.342323084813959,1445000000000000.0
11.033250288899612,1.9839614281898807,2.3428779044100745,1446000000000000.0
11.031448917787783,1.984322714903984,2.3434121606895526,1447000000000000.0
11.030334407722547,1.9846882651929476,2.3439462757466654,1447999999999999.8
11.028465507507443,1.9850471984670983,2.3444779799305957,1449000000000000.0
11.026926742165116,1.9854057155549087,2.345000766318768,1450000000000000.2
11.025292593419971,1.9857648757372977,2.3455411845225203,1451000000000000.0
11.023552603315698,1.9861282921069727,2.346068285778008,1452000000000000.0
11.022055393826143,1.9864849464116685,2.346595784464357,1453000000000000.0
11.020354090524037,1.9868379019067368,2.347116569289043,1454000000000000.0
11.018954284911025,1.9871919855949216,2.347636617888728,1455000000000000.0
11.017284578950877,1.9875486067869848,2.348170136438004,1456000000000000.0
11.015785993070592,1.9879001715452251,2.3486847174193093,1457000000000000.0
11.014072582955382,1.9882616446699075,2.349231139809067,1458000000000000.0
11.012577164342511,1.9885965508030143,2.3497097957345576,1459000000000000.2
11.010976608390665,1.9889420603492844,2.350216874197048,1460000000000000.0
11.009484344954203,1.9892849784631723,2.3507190746769453,1461000000000000.0
11.007731875076496,1.989641193584852,2.3512605930202684,1462000000000000.0
11.006082226607363,1.989987674868115,2.351763384314764,1463000000000000.0
11.004650752842508,1.990328150806404,2.3522659706527493,1464000000000000.0
11.00284355773254,1.990669447942936,2.3527761393252837,1465000000000000.0
11.0016378283339,1.9910134776247947,2.3532800161782728,1466000000000000.0
10.999815254066755,1.9913523835373328,2.3537853663270507,1467000000000000.0
10.997997191465283,1.9916946690753936,2.354289330629693,1467999999999999.8
10.996740494169462,1.9920259023721785,2.354781319639577,1469000000000000.0
10.995286758873393,1.9923562565190287,2.3552623318744046,1470000000000000.2
10.993606408496404,1.9926985910797492,2.355775629730131,1471000000000000.0
10.99182025815172,1.9930391582892928,2.3562830954630423,1472000000000000.0
10.990529147749195,1.9933702086802847,2.3567674789845685,1473000000000000.0
10.98877255570013,1.9936954886109817,2.3572497603026195,1474000000000000.0
10.987151447405534,1.9940236614963085,2.3577345101599247,1475000000000000.0
10.985584799992447,1.9943550397973624,2.358226297182394,1476000000000000.0
10.98422555718691,1.994687253240228,2.3587159966931126,1477000000000000.0
10.982361944301584,1.9950119845288172,2.3591988262848687,1478000000000000.0
10.980630913923855,1.9953305369473884,2.3596697991021505,1479000000000000.2
10.97935012590924,1.9956621838118855,2.360167262460988,1480000000000000.0
10.9776672846993,1.9960012610560536,2.360673402055317,1481000000000000.0
10.976240720213568,1.9963055447196931,2.361110545485932,1482000000000000.0
10.974352788919774,1.996628012437743,2.3615888386253925,1483000000000000.0
10.973042319646598,1.9969524857459031,2.362075492876896,1484000000000000.0
10.971124550810751,1.997267079925352,2.3625365446505606,1485000000000000.0
10.969669898012615,1.997585480197184,2.3630144538426663,1486000000000000.0
10.968230729685152,1.9978977925627128,2.3634743707136607,1487000000000000.0
10.966747727720001,1.9982116820832827,2.3639423442370715,1487999999999999.8
10.965014918581982,1.998527265476544,2.364404058043198,1489000000000000.0
10.96338372018409,1.9988321984666844,2.3648532329746303,1490000000000000.0
10.961806913780014,1.999149758673672,2.3653304915474678,1491000000000000.0
10.96028990982414,1.9994672054366611,2.365807638619295,1492000000000000.0
10.95851056721646,1.999773891226004,2.366259584552353,1493000000000000.0
10.957069451340141,2.000084405228204,2.366727565816926,1494000000000000.0
10.955387511407269,2.00038203828991,2.3671633183514684,1495000000000000.0
10.953662832374704,2.0006989376806845,2.3676341507330734,1496000000000000.0
10.952395398996847,2.000993714080378,2.368064433707693,1496999999999999.8
10.950708099100721,2.00130568579406,2.368530198880858,1498000000000000.0
10.94902520795549,2.0016100507427907,2.3689905773251043,1499000000000000.2
10.947588107324808,2.0019058611872675,2.3694245394138878,1500000000000000.0
10.945698696421575,2.002205045940865,2.3698669262399314,1501000000000000.0
10.944423675332219,2.0024998303194117,2.370309466763536,1502000000000000.0
10.9425101349172,2.0028119227576866,2.3707756684703822,1503000000000000.0
10.941345119068043,2.0031045885802263,2.371203380391948,1504000000000000.0
10.939622211675346,2.00340252387514,2.371650096319234,1505000000000000.0
10.938071102834039,2.0036858378229807,2.372065084041828,1506000000000000.0
10.936488524877234,2.003989545953889,2.3725249472486545,1507000000000000.0
10.934572768606126,2.00427293427122,2.372938696949576,1507999999999999.8
10.933358366463876,2.0045700123410586,2.3733856375308284,1509000000000000.0
10.931648570606859,2.0048531707020234,2.3738001533961435,1510000000000000.0
10.930097787277235,2.0051427696240087,2.3742350234055327,1511000000000000.0
10.9285239984733,2.005443986957506,2.3746909345337244,1512000000000000.0
10.926890003441805,2.005723520229751,2.3751017275968445,1513000000000000.0
10.925197065592823,2.006013712618925,2.3755380576283693,1514000000000000.0
10.923551645504775,2.0063051504889207,2.375974007459255,1515000000000000.0
10.922035175081565,2.006588081718372,2.376392468705101,1516000000000000.0
10.920641182105264,2.0068752543059185,2.376824296078589,1516999999999999.8
10.918805957845766,2.007143215195714,2.377214280680816,1518000000000000.0
10.91723116086051,2.007431794277137,2.3776491489695246,1519000000000000.2
10.915765430598594,2.0076944993461328,2.378029175480031,1520000000000000.0
10.91423212861178,2.0079838370961074,2.3784703113980408,1521000000000000.0
10.91246816664448,2.0082579628369523,2.3788770148255205,1522000000000000.0
10.911151578156334,2.008536829962151,2.3792939373388946,1523000000000000.0
10.909453863914107,2.008818037708417,2.3797171915611437,1524000000000000.0
10.907969203406957,2.0090886080304955,2.380118298908572,1525000000000000.0
10.906395090779329,2.0093622230218835,2.38052327419579,1526000000000000.0
10.904588344288769,2.0096320981781144,2.3809253142853057,1527000000000000.0
10.903058403229684,2.0099034271892653,2.381329916026837,1528000000000000.2
10.901639916659057,2.01017652606178,2.3817397105115647,1529000000000000.0
10.899964529725823,2.0104494206247523,2.382149719083398,1530000000000000.0
10.898388192996947,2.0107160538094586,2.382547295068874,1531000000000000.0
10.89673645804485,2.010978780384417,2.3829338376470077,1532000000000000.0
10.895148974941918,2.0112475590660157,2.383339810901339,1533000000000000.0
10.893452304623333,2.011509879793416,2.38373203032,1534000000000000.0
10.892156485990126,2.0117769087175152,2.3841248127477734,1535000000000000.0
10.89059955187026,2.012042867192973,2.3845293139085,1536000000000000.0
10.888845718183877,2.0123033415181526,2.3849180127839102,1536999999999999.8
10.887289585002764,2.0125635817801526,2.3853062494209145,1538000000000000.0
10.88554561030742,2.0128252460048635,2.3857054041772825,1539000000000000.0
10.884157874928366,2.0130848841807074,2.386086388131184,1540000000000000.0
10.882449151094306,2.0133426927232416,2.3864715530516367,1541000000000000.0
10.881140512058899,2.013601908881101,2.386863050439523,1542000000000000.0
10.879462166421117,2.0138544932320728,2.387236509839352,1543000000000000.0
10.877849696634684,2.0141149263778675,2.3876326792188745,1544000000000000.0
10.87628813222232,2.0143680563164374,2.3880106701911004,1545000000000000.0
10.87477189770986,2.0146167425540797,2.3883753405937918,1546000000000000.0
10.873100581099953,2.014868625187276,2.388752133542756,1547000000000000.0
10.871332271665127,2.0151200764474564,2.38912944791955,1548000000000000.2
10.870144008346374,2.015370381320423,2.389502996829308,1549000000000000.0
10.868233798922363,2.015620058499421,2.3898767867453934,1550000000000000.0
10.866732751457253,2.015867784885318,2.390247946400506,1551000000000000.0
10.865037747761278,2.0161196262901293,2.390632758212735,1552000000000000.0
10.863550233824604,2.016361651770934,2.39098906066008,1553000000000000.0
10.862004709126204,2.0166065970822284,2.3913540194202545,1554000000000000.0
10.860299102586412,2.0168545097762256,2.3917269741431,1555000000000000.0
10.858911774629123,2.0170949537412075,2.392087087108508,1556000000000000.0
10.857088157159202,2.01734152221833,2.392462795387939,1556999999999999.8
10.855728181829539,2.017581414919759,2.392816448042978,1558000000000000.0
10.854189445554157,2.0178242887662328,2.393181751125604,1559000000000000.0
10.852593506205537,2.018061643257607,2.3935383312749137,1560000000000000.0
10.851047266769113,2.018296588568212,2.3938882388598377,1561000000000000.0
10.849392586440263,2.0185286851406934,2.394230274057464,1562000000000000.0
10.847828391693339,2.0187742863449945,2.3946062753520683,1563000000000000.0
10.846459390490525,2.019018311447472,2.394980944215229,1564000000000000.0
10.8446066073856,2.0192488590568587,2.3953212673573328,1565000000000000.0
10.843054592014315,2.019485567152017,2.395682409308835,1565999999999999.8
10.841341354363268,2.0197067353351814,2.3960024011391226,1567000000000000.0
10.839747864713758,2.0199372217995526,2.3963448479840204,1568000000000000.2
10.838346802574856,2.020180991019103,2.39672021372488,1569000000000000.0
10.836767721751821,2.0204082368572216,2.397067232627479,1570000000000000.0
10.835074615722815,2.0206264079066183,2.397379459318681,1571000000000000.0
10.833631636314726,2.0208675215291687,2.3977536962950263,1572000000000000.0
10.831993779287474,2.021073656768108,2.398049582843637,1573000000000000.0
10.830760414892282,2.021317961423481,2.3984342849602327,1574000000000000.0
10.828899625677934,2.021532135956521,2.39874376353122,1575000000000000.0
10.827517239331927,2.0217619725444296,2.3990948879235967,1576000000000000.0
10.825813055443316,2.021989798776565,2.399434577492244,1576999999999999.8
10.823789114068012,2.0222112102402634,2.3997685673600886,1578000000000000.0
10.822554933696491,2.0224277095012178,2.400089389845773,1579000000000000.0
10.821011348478763,2.0226577368779304,2.4004430778289123,1580000000000000.0
10.819474168053997,2.0228673136968087,2.400751057541851,1581000000000000.0
10.817903694784976,2.023085234917784,2.4010818045075046,1582000000000000.0
10.816287285109096,2.0233062225663487,2.4014111133186367,1583000000000000.0
10.814799274097506,2.023529975115633,2.401754974779751,1584000000000000.0
10.813192735200962,2.0237488266992143,2.4020849056691183,1585000000000000.0
10.811464067738722,2.0239568944097592,2.4023935969250165,1585999999999999.8
10.80997035833663,2.0241679938454267,2.4027120375513307,1587000000000000.0
10.808521727577405,2.0243795545552414,2.4030283851058885,1588000000000000.2
10.806898058350644,2.0245872156713247,2.4033340337154403,1589000000000000.0
10.805382212694441,2.0248114345944934,2.4036831380220804,1590000000000000.0
10.803709346378527,2.025011295087359,2.403978813772194,1591000000000000.0
10.802217837341757,2.025226366265213,2.404306738574873,1592000000000000.0
10.800647347051203,2.025443687733372,2.404634375332879,1593000000000000.0
10.798919128073047,2.0256550306340557,2.404958256624447,1594000000000000.0
10.797488855306597,2.025862638252371,2.4052697018938014,1595000000000000.0
10.795879546808582,2.0260551495413344,2.4055488509615457,1596000000000000.0
10.794244543833694,2.0262734527832804,2.4058904730033306,1597000000000000.2
10.79286471153634,2.0264861154860005,2.4062174873055926,1598000000000000.0
10.791235213841105,2.026684453926894,2.406508641606109,1599000000000000.0
10.789777344056454,2.0268809841911146,2.406796219128687,1600000000000000.0
10.787947447729865,2.027091912122358,2.4071220752197093,1601000000000000.0
10.786271324416282,2.0272789943091194,2.4073939236756816,1602000000000000.0
10.78499047991341,2.0274833955740004,2.4077119946478467,1603000000000000.0
10.783458725246891,2.0276818437899413,2.4080072395010115,1604000000000000.0
10.782001004945009,2.0278941486051782,2.408333337449833,1605000000000000.0
10.780180857957282,2.0280781568646824,2.4086032906993213,1605999999999999.8
10.778793945966722,2.028285367919182,2.408921605586952,1607000000000000.0
10.77723077384183,2.028482758614625,2.4092214416662165,1608000000000000.0
10.775453022545989,2.028665439560657,2.4094946986433223,1609000000000000.0
10.77398356259728,2.0288639488749527,2.4097935869472846,1610000000000000.0
10.772353348319932,2.0290571781673883,2.4100855026958694,1611000000000000.0
10.770756187229026,2.02925143012298,2.410382129916015,1612000000000000.0
10.769232257632988,2.029437708979132,2.4106556146572906,1613000000000000.0
10.767509459120085,2.029633707681302,2.410954681578097,1614000000000000.0
10.765945193469584,2.0298303285008346,2.4112560575173614,1615000000000000.0
10.764315418997743,2.030003708141628,2.4115103891789027,1616000000000000.0
10.76300159281136,2.030188783660188,2.4117843710123097,1617000000000000.2
10.761335360906386,2.030397916542724,2.4121221902042524,1618000000000000.0
10.759877196190267,2.030579567611229,2.4123905608922174,1619000000000000.0
10.758422881222147,2.0307610908111347,2.4126646493193493,1620000000000000.0
10.756799421353094,2.0309498006971403,2.4129506556094453,1621000000000000.0
10.7551853252773,2.0311222862744147,2.4131983788650646,1622000000000000.0
10.753819930424214,2.031317039269468,2.413508156429156,1623000000000000.0
10.751957180461105,2.0314824070073128,2.4137414949343095,1624000000000000.0
10.750499673358512,2.031670252684068,2.4140311367280023,1625000000000000.0
10.749084264357226,2.031860748141252,2.414328290088174,1625999999999999.8
10.747284859930835,2.0320334794059285,2.4145799867665207,1627000000000000.0
10.745897400467978,2.03221538849114,2.414857096554413,1628000000000000.0
10.744143618769872,2.032391462966865,2.415130117977321,1629000000000000.0
10.742552557355884,2.032567839379317,2.415394474967878,1630000000000000.0
10.741140312549746,2.032740966346541,2.415653190974996,1631000000000000.0
10.739463518121042,2.032926983531532,2.415942652527884,1632000000000000.0
10.737925098217618,2.0330996039438576,2.416198680267595,1633000000000000.0
10.736438835849674,2.0332826844610734,2.4164778266744382,1634000000000000.0
10.734893317719788,2.033439804874289,2.416707604140772,1634999999999999.8
10.733337949500957,2.0336247346336367,2.4169953291652457,1636000000000000.0
10.731784834937613,2.0337936830210626,2.417249065746226,1637000000000000.2
10.730256797850473,2.0339629619257287,2.417502060767787,1638000000000000.0
10.728809538667182,2.0341296432750284,2.417755501944781,1639000000000000.0
10.727168235165076,2.0343122436353323,2.4180405257640096,1640000000000000.0
10.725688299282234,2.034480928983226,2.418298112981899,1641000000000000.0
10.723935339525596,2.0346558349705264,2.4185676219089736,1642000000000000.0
10.722478954743398,2.034820148774397,2.4188116795681505,1643000000000000.0
10.720906485592849,2.034994496857392,2.4190820741365813,1644000000000000.0
10.719234506911224,2.0351618694962155,2.4193419901614868,1645000000000000.0
10.71814743195485,2.0353264511215645,2.4195886086540135,1646000000000000.2
10.715878598244824,2.035492006257912,2.419839664987361,1647000000000000.0
10.714787575751725,2.035654773431137,2.420085411297304,1648000000000000.0
10.713062008669816,2.035804304259522,2.420300307175051,1649000000000000.0
10.711529118653539,2.0359660787746057,2.4205453983265848,1650000000000000.0
10.710059900879386,2.036127093917258,2.420789510507172,1651000000000000.0
10.70856661625912,2.0362876049583494,2.421033147102931,1652000000000000.0
10.706590703015175,2.036447349818392,2.421275757950683,1653000000000000.0
10.705571189343981,2.036606971383008,2.4215182389290555,1654000000000000.0
10.703903320121627,2.0367650899905607,2.421758813630717,1654999999999999.8
10.702209924225652,2.0369231929981533,2.4219996423925885,1656000000000000.0
10.700692685727283,2.0370881354114805,2.4222598110748,1657000000000000.2
10.699160020627527,2.0372438521506746,2.42249294797453,1658000000000000.0
10.697487674228883,2.037393940645196,2.422716411847017,1659000000000000.0
10.696022664395862,2.037556319769461,2.422976171284029,1660000000000000.0
10.694399376186324,2.037712954578903,2.42321663337276,1661000000000000.0
10.692913922341457,2.037863010531918,2.4234345680133536,1662000000000000.0
10.691312926478368,2.038012468836542,2.423667052119562,1663000000000000.0
10.689758603252184,2.0381513258938435,2.4238693065258943,1664000000000000.0
10.688176857024242,2.0383097719732888,2.4241100698985663,1665000000000000.0
10.686627256020127,2.0384662869667296,2.4243533951976937,1666000000000000.2
10.685457623969388,2.0386254645383644,2.4246061812282504,1667000000000000.0
10.68352961404859,2.0387635749924766,2.424808567423566,1668000000000000.0
10.681875344623526,2.038921418777308,2.42505563908664,1669000000000000.0
10.68057988690252,2.0390681876515435,2.425279936513649,1670000000000000.0
10.678875417814425,2.0391987288159794,2.4254633207860703,1671000000000000.0
10.677301609483061,2.039342047017227,2.4256862293071006,1672000000000000.0
10.675811998776226,2.03948549872853,2.4259014621885853,1673000000000000.0
10.674277489110828,2.0396376389227946,2.426140731123999,1674000000000000.0
10.672818823793273,2.0397820779751026,2.4263619134314176,1674999999999999.8
10.671322167722922,2.039925760871248,2.426581359644965,1676000000000000.0
10.669786212221668,2.0400684904286623,2.4268005272036453,1677000000000000.0
10.66820124769058,2.040216970237985,2.427034321444268,1678000000000000.0
10.666515656908313,2.0403482904871346,2.427225606340284,1679000000000000.0
10.665050671630981,2.040484888510448,2.4274286058017784,1680000000000000.0
10.663573896031902,2.040625620037055,2.427646973238585,1681000000000000.0
10.661965571043364,2.040760811325532,2.4278466352814845,1682000000000000.0
10.660440593509913,2.040907292992207,2.42807781739074,1683000000000000.0
10.659033499528775,2.041043683444405,2.428286644306894,1684000000000000.0
10.657354115687513,2.041180685583496,2.4284954775040863,1685000000000000.0
10.656028495090377,2.0413316435338587,2.428737245426499,1686000000000000.2
10.654384211449788,2.041456785930692,2.428914520243208,1687000000000000.0
10.652699348240057,2.041593117782949,2.429129518965808,1688000000000000.0
10.651217983545488,2.0417364994197453,2.429353020020617,1689000000000000.0
10.649417139527069,2.0418521544809094,2.4295193038561824,1690000000000000.0
10.648216360300301,2.041999083976618,2.429754777838043,1691000000000000.0
10.646600633957648,2.042132347815348,2.42995836650518,1692000000000000.0
10.645256065930086,2.0422684236749964,2.4301666526957924,1693000000000000.0
10.643622358626523,2.0423951313765376,2.4303604785764095,1694000000000000.0
10.642160813410776,2.042526456820697,2.4305618892103547,1694999999999999.8
10.640634969166264,2.042639303904098,2.430725946611004,1696000000000000.0
10.639006309174707,2.04276742803294,2.4309227530968958,1697000000000000.0
10.637288958402273,2.0428890452532764,2.4311154561474426,1698000000000000.0
10.635870405072383,2.0430085621765173,2.4312902876057354,1699000000000000.0
10.634528297886817,2.043140463090211,2.43149704801935,1700000000000000.0
10.632898045994999,2.0432606172009007,2.431683858706016,1701000000000000.0
10.631612320598967,2.043384621466757,2.4318737019922523,1702000000000000.0
10.630125875224387,2.04350226746522,2.432047615610843,1703000000000000.0
10.628320277922118,2.043625050434836,2.432238399364944,1703999999999999.8
10.626853435104467,2.0437460810370367,2.432424099092673,1705000000000000.0
10.625396505150592,2.04386357892969,2.4326006082533254,1706000000000000.2
10.623897128188123,2.0439796010549056,2.432780190171232,1707000000000000.0
10.62255147031853,2.0441142848118896,2.432993374119321,1708000000000000.0
10.620918667124585,2.0442164218693604,2.433144656822446,1709000000000000.0
10.619419156527853,2.0443295852500563,2.4333175225373265,1710000000000000.0
10.617849415939057,2.0444454625468858,2.4334886700209992,1711000000000000.0
10.616409597678373,2.044562775020053,2.433679344916344,1712000000000000.0
10.615292789222957,2.044672891379745,2.433835121129211,1713000000000000.0
10.613481262504195,2.0447969757621425,2.434033765421125,1714000000000000.0
10.612054966301509,2.0449094160456807,2.4342079174131674,1715000000000000.2
10.610384938344737,2.0450122995254127,2.4343581438371404,1716000000000000.0
10.609079046530946,2.0451115404614177,2.434504302351602,1717000000000000.0
10.607046235137007,2.0452314916008487,2.434688016933979,1718000000000000.0
10.606168515511936,2.045337330803908,2.434859139517083,1719000000000000.0
10.604310017276926,2.045461759657096,2.435051595607203,1720000000000000.0
10.603207216052754,2.0455656927047854,2.4352117189682247,1721000000000000.0
10.601577961323644,2.045680090559872,2.435390288907358,1722000000000000.0
10.60007788530991,2.0457806812356987,2.4355387302424267,1723000000000000.0
10.598314076237637,2.0458946889074485,2.4357157152208457,1723999999999999.8
10.596884407652393,2.0459913275392374,2.4358561153010028,1725000000000000.0
10.59551191354692,2.0460998382527995,2.436027216125724,1726000000000000.2
10.594164462963228,2.046202688391923,2.4361848764443184,1727000000000000.0
10.59263296306354,2.046316584671628,2.4363605791364944,1728000000000000.0
10.591116102455516,2.046407379084592,2.436496047629824,1729000000000000.0
10.589901879470894,2.0465304804792384,2.4366998148951446,1730000000000000.0
10.58796447167768,2.0466131203839555,2.436811640062114,1731000000000000.0
10.586367975978499,2.0467328290386364,2.4370108131986887,1732000000000000.0
10.585148360134557,2.0468296537509074,2.437159275438392,1733000000000000.0
10.583737404651592,2.046919502981996,2.4372817260074173,1734000000000000.0
10.582094798928225,2.047029034854417,2.4374576748240706,1735000000000000.2
10.580730156148547,2.0471353876881526,2.437635119681557,1736000000000000.0
10.57898947026334,2.0472386301043235,2.437793037117717,1737000000000000.0
10.577801204111683,2.0473183168931524,2.437898934626097,1738000000000000.0
10.57635620244604,2.0474155784152024,2.4380515411716845,1739000000000000.0
10.574804375861303,2.0475290047805466,2.4382349568783246,1740000000000000.0
10.573381759589296,2.0476177508178206,2.4383671630522192,1741000000000000.0
10.5721136348752,2.04771630368376,2.438517716460819,1742000000000000.0
10.570633080911678,2.0478133014983726,2.4386658436230975,1743000000000000.0
10.569001900072877,2.047913021528168,2.4388257930104484,1743999999999999.8
10.567380730602602,2.0479911913244986,2.4389313410889297,1745000000000000.0
10.565846623332886,2.048087125940792,2.439083076004588,1746000000000000.0
10.564585981072948,2.0481949679354776,2.4392618584222183,1747000000000000.0
10.563010766566515,2.048287046837959,2.439402058089711,1748000000000000.0
10.561806687281086,2.048371467327486,2.4395272224616447,1749000000000000.0
10.559990456871693,2.048461459871968,2.4396607066906504,1750000000000000.0
10.558368641411462,2.0485487371906315,2.4397994805108087,1751000000000000.0
10.557266151794176,2.0486363669154986,2.4399317496440243,1752000000000000.0
10.555544047406064,2.048721858120828,2.4400636243023435,1752999999999999.8
10.554228035387316,2.0488144082559465,2.4402115545228638,1754000000000000.0
10.552797259181878,2.0489039994059115,2.44034419865202,1755000000000000.2
10.551217433848107,2.04899656446343,2.440487899264696,1756000000000000.0
10.549815223220683,2.0490936305730867,2.440650713600605,1757000000000000.0
10.548393825819335,2.049158417619119,2.440740256302758,1758000000000000.0
10.546823437404173,2.049248122238289,2.44087754172258,1759000000000000.0
10.54553443344724,2.0493332067067684,2.441002929147413,1760000000000000.0
10.543896967002274,2.049415827654854,2.4411280732654927,1761000000000000.0
10.54243737605348,2.0495026817987045,2.4412668848363195,1762000000000000.0
10.540946188866062,2.0495819758026337,2.4413919928578323,1763000000000000.0
10.539600502489757,2.0496695591222807,2.4415297362416606,1763999999999999.8
10.537985474819344,2.0497415729245225,2.441627676682248,1765000000000000.0
10.53658372857802,2.049835683318725,2.4417834175974105,1766000000000000.0
10.53501837493298,2.0499044787054874,2.441885034538527,1767000000000000.0
10.533715239227405,2.0499911641772446,2.44202510354892,1768000000000000.0
10.532072734529796,2.050066425357084,2.4421419901453905,1769000000000000.0
10.5308121784693,2.0501484341846017,2.4422706142780486,1770000000000000.0
10.529339676666293,2.0502314504965646,2.4423985991609207,1771000000000000.0
10.527727446733707,2.0503045571534115,2.4425073280391,1772000000000000.0
10.526622183338672,2.0503801765494254,2.442622834720873,1772999999999999.8
10.525001326841153,2.0504577059601767,2.4427423937534334,1774000000000000.0
10.523484264253405,2.050535413626837,2.4428662361896287,1775000000000000.2
10.521903549788696,2.050609083291097,2.4429729583454725,1776000000000000.0
10.520292639141482,2.0506818796680704,2.443088629724522,1777000000000000.0
10.518788838783145,2.0507610288926794,2.443216491484566,1778000000000000.0
10.517729902500626,2.050850463723387,2.443360460634135,1779000000000000.0
10.515987350426958,2.0509126071917696,2.4434469128686063,1780000000000000.0
10.514765581344383,2.050986497885837,2.4435611026573536,1781000000000000.0
10.513153292187658,2.051055137223756,2.443667519619487,1782000000000000.0
10.511677041561013,2.0511269556644613,2.4437813856255954,1783000000000000.0
10.510152287608884,2.0511883870460523,2.4438646582238555,1784000000000000.2
10.508637143700057,2.051266339650346,2.443996773219439,1785000000000000.0
10.50727267339012,2.051336730689786,2.4441046800577455,1786000000000000.0
10.50521403071084,2.051403348231996,2.4442011389363163,1787000000000000.0
10.503307220379707,2.051475795747092,2.444324666115022,1788000000000000.0
10.503050715408325,2.051545475003606,2.444431435853466,1789000000000000.0
10.5016250815478,2.0516032129389408,2.4445097129120694,1790000000000000.0
10.500045655628265,2.0516589319923257,2.444589546683547,1791000000000000.0
10.498346678309222,2.0517335137046047,2.444709397526113,1792000000000000.0
10.497105854302742,2.0517874092298927,2.4447861899446384,1792999999999999.8
10.495680574057923,2.051872486052983,2.444930150369729,1794000000000000.0
10.494292745520221,2.051929528406147,2.4450160516834774,1795000000000000.2
10.49293923452516,2.052004002704197,2.445141761285877,1796000000000000.0
10.49137924783641,2.0520610806934454,2.4452200601636647,1797000000000000.0
10.489980370846627,2.0521202487712853,2.4453071718835417,1798000000000000.0
10.4879178174563,2.052185606986836,2.4454102000916333,1799000000000000.0
10.486911806138837,2.0522446898882305,2.4455016025608,1800000000000000.0
10.485614206534017,2.052311733380692,2.445610531991524,1801000000000000.0
10.48418288279284,2.052364938178287,2.445692252844408,1802000000000000.0
10.482578465907173,2.0524259051681075,2.4457796698726564,1803000000000000.0
10.481274881011421,2.052493575825308,2.445891769383944,1804000000000000.0
10.479838387207428,2.052539838077069,2.4459554031917463,1805000000000000.0
10.47829967583944,2.052591351758573,2.446031467916859,1806000000000000.0
10.476875793519593,2.0526542925641404,2.4461300647997897,1807000000000000.0
10.475544099337641,2.052716311010103,2.4462313448686186,1808000000000000.0
10.473337508079137,2.052761178125482,2.4462908337005,1809000000000000.0
10.472665216679994,2.0528382215978254,2.446423784553192,1810000000000000.0
10.470948814329999,2.052886343668518,2.4464921295947475,1811000000000000.0
10.469791348788352,2.052949025905044,2.4465971248305807,1812000000000000.0
10.468081671588145,2.052997023544843,2.4466583725322075,1813000000000000.0
10.466575872947788,2.0530436931465528,2.446731729516869,1814000000000000.0
10.465262934399783,2.0530963000957265,2.446813674092912,1815000000000000.0
10.463843238084962,2.053149967187806,2.4468991888836458,1816000000000000.0
10.462813289438085,2.053205162504044,2.4469803437333604,1817000000000000.0
10.461000248769297,2.05326264662648,2.4470810782762427,1818000000000000.0
10.459594996451214,2.053321688715481,2.4471769432983246,1819000000000000.0
10.457984240203352,2.053363513777458,2.4472296580112283,1820000000000000.0
10.456677734618843,2.05339649749702,2.447272574007377,1821000000000000.0
10.455021915740193,2.0534416854032083,2.44734706452858,1822000000000000.0
10.453977990154511,2.0535182485815278,2.447471118734212,1823000000000000.0
10.452341412446335,2.053568266626665,2.4475482227028427,1824000000000000.0
10.450890398306623,2.0536058430752067,2.4476084818936097,1825000000000000.0
10.449385536587751,2.0536566183606357,2.447686410996268,1826000000000000.0
10.447911883713449,2.0537095758931274,2.44777090193418,1827000000000000.0
10.446655682690377,2.0537496109738664,2.447821976710464,1828000000000000.0
10.445184100948877,2.053798142743487,2.447905357265729,1829000000000000.0
10.443660323039495,2.053837880672247,2.447961528884399,1830000000000000.0
10.44256955379904,2.05389950974402,2.4480612100424053,1831000000000000.0
10.441146576536267,2.0539226632862038,2.4480857983466846,1832000000000000.0
10.439417815361734,2.053969687352713,2.4481643204734063,1833000000000000.0
10.437898779421102,2.0540067012974346,2.448221228155585,1834000000000000.0
10.436499065738216,2.054045454241173,2.448270781860153,1835000000000000.0
10.433780367262646,2.0540910570515627,2.448346308657848,1836000000000000.0
10.433463325746436,2.0541476324433288,2.4484451205602458,1837000000000000.0
10.432352627597167,2.05419806924003,2.448526567089175,1838000000000000.0
10.429233521449506,2.054230952832104,2.4485723680421256,1839000000000000.0
10.42923524597668,2.054256728239948,2.44860110785494,1840000000000000.0
10.427984574368947,2.0542997039455466,2.4486651673727398,1841000000000000.0
10.42633449154748,2.0543399063712817,2.448733339314276,1842000000000000.0
10.425179908832275,2.054386409706929,2.4488082527174986,1843000000000000.0
10.423755904897742,2.0544293101408893,2.448882349602598,1844000000000000.0
10.422450868134666,2.054460137271203,2.448919457504481,1845000000000000.0
10.419303367066167,2.0544969853231163,2.448970717760428,1846000000000000.0
10.419248198050864,2.0545358659868884,2.44903376747212,1847000000000000.0
10.417877506028065,2.0545769782820065,2.4491034682082216,1848000000000000.0
10.416458711542717,2.0546092327769734,2.449151242762964,1849000000000000.0
10.414955432247726,2.0546517391458567,2.4492250704635654,1850000000000000.0
10.413482044360883,2.054681866662292,2.449268860642843,1851000000000000.0
10.412302820451893,2.0547051599279555,2.4492945465235385,1852000000000000.0
10.41089176587184,2.054743061528353,2.4493588472391385,1853000000000000.0
10.409353135373287,2.0547690866482204,2.449393417296663,1854000000000000.0
10.407954507749801,2.0548028487384213,2.4494516473970904,1855000000000000.0
10.406393819227858,2.054835229762808,2.4494948754937247,1856000000000000.0
10.40503271072862,2.0548745211028407,2.4495614472033647,1857000000000000.0
10.403644671456671,2.0549066226906234,2.4496111386253654,1858000000000000.0
10.402120238462262,2.0549441289460453,2.449671208872529,1859000000000000.0
10.400744990784249,2.054975889022368,2.4497218244558985,1860000000000000.0
10.39947349210126,2.055003947437425,2.4497574869958023,1861000000000000.0
10.397903894865095,2.0550304131867447,2.4498042297340024,1862000000000000.0
10.396423610553033,2.055058383354939,2.449841468837612,1863000000000000.0
10.394995966956133,2.0550898723994417,2.449895766138829,1864000000000000.0
10.393539540986163,2.055117893761082,2.449930518386765,1865000000000000.0
10.392160178223047,2.055145002051312,2.449974691865373,1866000000000000.0
10.390893244293883,2.055180576821996,2.450039435430295,1867000000000000.0
10.389373880421847,2.055190627145318,2.4500381819491217,1868000000000000.0
10.388010816569835,2.0552244635781984,2.450101136030689,1869000000000000.0
10.386777986307893,2.055257836758759,2.4501544407083147,1870000000000000.0
10.385321812025268,2.0552836410826014,2.4501949982905376,1871000000000000.0
10.383786545608123,2.055303441121775,2.4502213451779147,1872000000000000.0
10.382572746668108,2.055333846523135,2.450273499155347,1873000000000000.0
10.3809302951931,2.055357710947176,2.4503048624250736,1874000000000000.0
10.379399266104448,2.055377392051601,2.4503369737521496,1875000000000000.0
10.378116969265776,2.0553893321337307,2.4503501706538686,1876000000000000.0
10.376965444330883,2.0554158280697754,2.4503957573962274,1877000000000000.0
10.37560775916874,2.0554524213511014,2.450453033874752,1878000000000000.0
10.373937542992863,2.0554592720191014,2.450457770526816,1879000000000000.0
10.372435947720698,2.0554951593415507,2.450521781508201,1880000000000000.0
10.371152236555275,2.0555179046898666,2.4505570003832826,1881000000000000.0
10.369876212667444,2.0555240544681244,2.4505497582786524,1882000000000000.0
10.36819544150125,2.055537626062426,2.450576919539299,1883000000000000.0
10.367047315008293,2.055565756327426,2.4506183809347517,1884000000000000.0
10.365470705704578,2.0555937007848923,2.4506737690308253,1885000000000000.0
10.363988021095697,2.0556008541010637,2.4506767637556854,1886000000000000.0
10.362629953347383,2.0556193643719585,2.4506968627010157,1887000000000000.0
10.361125859794416,2.0556454092341734,2.450744770037377,1888000000000000.0
10.359853948356008,2.055660309152244,2.4507740597386127,1889000000000000.0
10.358560649132034,2.0556778379499896,2.4507896995720966,1890000000000000.0
10.35740442796174,2.055698555553896,2.4508236122585765,1891000000000000.0
10.35566784240766,2.055715038313536,2.450858361472823,1892000000000000.0
10.354174038043592,2.055723449434097,2.4508678664500194,1893000000000000.0
10.352846636874895,2.0557418513031265,2.450892383934919,1894000000000000.0
10.351474590985557,2.055758967756144,2.450920809012188,1895000000000000.0
10.349877193237763,2.055758069325192,2.450908771613913,1896000000000000.0
10.348572630865641,2.0557907755701934,2.4509740141682728,1897000000000000.0
10.347137753923137,2.0558095932709524,2.451004406855009,1898000000000000.0
10.345900148736131,2.0558159335378248,2.451007684821091,1899000000000000.0
10.343770250623862,2.0558374888376174,2.451049302745955,1900000000000000.0
10.34293803707994,2.055841826979706,2.451048772124445,1901000000000000.0
10.34166140429276,2.0558557267603708,2.451073674366936,1902000000000000.0
10.340192266843367,2.055861754335004,2.451072953521006,1903000000000000.0
10.338971163973444,2.055875320420585,2.4510981467275235,1904000000000000.0
10.337513590923052,2.0558901886670813,2.451124405209235,1905000000000000.0
10.336011865304787,2.0558826995062844,2.451095985589032,1906000000000000.0
10.334392595746506,2.0558922408807714,2.451111927159096,1907000000000000.0
10.333111396227505,2.0559047655796507,2.4511367383264027,1908000000000000.0
10.331868376012505,2.0559137720907734,2.4511510428932684,1909000000000000.0
10.330464570159949,2.05592352335178,2.451162149240014,1910000000000000.0
10.329154895455805,2.055934454331652,2.451179227320896,1911000000000000.0
10.327333538477967,2.0559496608807537,2.45121389755751,1912000000000000.0
10.326004803780744,2.055953050937203,2.451215178163449,1913000000000000.0
10.324808614282762,2.0559585554738837,2.4512195954801093,1914000000000000.0
10.323428923708466,2.055962701698067,2.4512256893300424,1915000000000000.0
10.321894563372702,2.0559679967483677,2.4512335058464005,1916000000000000.0
10.320782855061102,2.055977613118295,2.451245292172129,1917000000000000.0
10.319364205279152,2.055986041814528,2.451262931449379,1918000000000000.0
10.317816968337837,2.055986869333482,2.4512580052611734,1919000000000000.0
10.316369701586675,2.0560054562438568,2.451298150467242,1920000000000000.0
10.314996437500419,2.0559953835062084,2.451274512633787,1921000000000000.0
10.31360726569161,2.0560040601485507,2.451287813856778,1922000000000000.0
10.312318112306516,2.0559918038211342,2.451262464950241,1923000000000000.0
10.310848278144373,2.0560008137590855,2.45127026681563,1924000000000000.0
10.309523024749652,2.0560251594624495,2.451325865058735,1925000000000000.0
