,sim,m_ej,v_ej,Y_e,kappa,negative_sigma_kappa,positive_sigma_kappa,chi_sq_dof,dof,sigma_kappa
0,SA1_m002_v05_Ye05_spec_2020-07-01.dat,0.002,0.05,0.05,38.5276490470721,0.07130257135703744,0.05704205708563137,3.855739943571911,25805,0.0641723142213344
1,SA1_m002_v05_Ye10_spec_2020-07-01.dat,0.002,0.05,0.1,36.09710884948256,0.05392448820087026,0.04977645064695935,5.009083408363469,25805,0.0518504694239148
2,SA1_m002_v05_Ye15_spec_2020-07-01.dat,0.002,0.05,0.15,41.54801695698868,0.061835529522873856,0.030917764761433375,6.140503855316097,25805,0.046376647142153615
3,SA1_m002_v05_Ye20_spec_2020-07-01.dat,0.002,0.05,0.2,2.3929510206827054,0.002651651729246307,0.0008838839097489171,88.19130427969941,25805,0.001767767819497612
4,SA1_m002_v05_Ye25_spec_2020-07-01.dat,0.002,0.05,0.25,1.18003384161252,0.0013077874533671263,0.00043592915112244945,237.12056408560278,25805,0.0008718583022447879
5,SA1_m002_v05_Ye30_spec_2020-07-01.dat,0.002,0.05,0.3,0.9478374230577801,0.0006990961036583698,0.0003495480518291849,223.58451468500405,25805,0.0005243220777437774
6,SA1_m002_v05_Ye35_spec_2020-07-01.dat,0.002,0.05,0.35,1.3951972671914041,0.0012818585202047927,0.0009613938901535946,224.63748814592122,25805,0.0011216262051791936
7,SA1_m002_v05_Ye40_spec_2020-07-01.dat,0.002,0.05,0.4,2.175033360964112,0.0024172311436143623,0.0016114874290766856,76.5217864369952,25805,0.002014359286345524
8,SA1_m002_v05_Ye45_spec_2020-07-01.dat,0.002,0.05,0.45,0.010992746821134781,3.05804805909287e-05,2.9834615210661344e-05,3.960282134101369,25805,3.0207547900795023e-05
9,SA1_m002_v05_Ye50_spec_2020-07-01.dat,0.002,0.05,0.5,1.6762450125826054,0.0012347128659373485,0.0006173564329687853,516.8962498190568,25805,0.0009260346494530669
10,SA1_m002_v10_Ye05_spec_2020-07-01.dat,0.002,0.1,0.05,89.22528366595917,0.165397263006966,0.13231781040558133,1.8811156422565305,25805,0.14885753670627366
11,SA1_m002_v10_Ye10_spec_2020-07-01.dat,0.002,0.1,0.1,67.87321127400037,0.10945761741484716,0.0938208149270281,2.225379306109693,25805,0.10163921617093763
12,SA1_m002_v10_Ye15_spec_2020-07-01.dat,0.002,0.1,0.15,112.39526432528586,0.20827513774145245,0.12496508264487716,2.2562267694703313,25805,0.1666201101931648
13,SA1_m002_v10_Ye20_spec_2020-07-01.dat,0.002,0.1,0.2,11.138126963522353,0.01536432252157205,0.012803602101310929,14.226012792371082,25805,0.01408396231144149
14,SA1_m002_v10_Ye25_spec_2020-07-01.dat,0.002,0.1,0.25,0.7097919461260607,0.001044855462674299,0.0002612138656684637,165.33110376362893,25805,0.0006530346641713813
15,SA1_m002_v10_Ye30_spec_2020-07-01.dat,0.002,0.1,0.3,1.0854289820393896,0.0012483062877268747,0.0009986450301817662,129.99317322754757,25805,0.0011234756589543204
16,SA1_m002_v10_Ye35_spec_2020-07-01.dat,0.002,0.1,0.35,0.6081847805679719,0.0008871854365116727,0.00044359271825578084,106.90373714652534,25805,0.0006653890773837268
17,SA1_m002_v10_Ye40_spec_2020-07-01.dat,0.002,0.1,0.4,4.030157922821665,0.004643994841240229,0.00325079638886816,42.55252628315133,25805,0.0039473956150541945
18,SA1_m002_v10_Ye45_spec_2020-07-01.dat,0.002,0.1,0.45,0.01,0.001159111222382974,3.864992405410578e-07,36.25594251099239,25805,0.0005797488608117575
19,SA1_m002_v10_Ye50_spec_2020-07-01.dat,0.002,0.1,0.5,1.6374708411201269,0.0012064276064642776,0.0006032138032319168,382.07193854267183,25805,0.0009048207048480972
20,SA1_m002_v15_Ye05_spec_2020-09-17.dat,0.002,0.15,0.05,92.050076343485,0.1476985122266825,0.1371486184962123,1.7183404233357633,25299,0.1424235653614474
21,SA1_m002_v15_Ye10_spec_2020-09-17.dat,0.002,0.15,0.1,78.57285008306165,0.14570261513920002,0.08742156908353138,2.3433153267763807,25299,0.1165620921113657
22,SA1_m002_v15_Ye15_spec_2020-09-17.dat,0.002,0.15,0.15,82.49322764613392,0.15257718765469974,0.06103087506188842,2.6020372505932103,25299,0.10680403135829408
23,SA1_m002_v15_Ye20_spec_2020-09-17.dat,0.002,0.15,0.2,26.33980327683783,0.048740842793112193,0.029244505675862342,6.524816236117748,25299,0.03899267423448727
24,SA1_m002_v15_Ye25_spec_2020-09-17.dat,0.002,0.15,0.25,12.27982814682449,0.050544593704549,0.04914057721275533,123.6894502088208,25299,0.04984258545865217
25,SA1_m002_v15_Ye30_spec_2020-09-17.dat,0.002,0.15,0.3,2.7897293634623614,0.005138679731828244,0.004496344765349658,100.01358317254753,25299,0.004817512248588951
26,SA1_m002_v15_Ye35_spec_2020-09-17.dat,0.002,0.15,0.35,2.2658018178994803,0.004959011087900755,0.004698010504327055,90.63570818382479,25299,0.004828510796113905
27,SA1_m002_v15_Ye40_spec_2020-09-17.dat,0.002,0.15,0.4,4.543277712406713,0.01980274409733518,0.01876049440800287,42.36671752512075,25299,0.019281619252669024
28,SA1_m002_v15_Ye45_spec_2020-09-17.dat,0.002,0.15,0.45,0.01,0.001159111222382974,3.864992405410578e-07,126.16876488666188,25299,0.0005797488608117575
29,SA1_m002_v15_Ye50_spec_2020-09-17.dat,0.002,0.15,0.5,1.6974482014030092,0.0011739986665748603,0.0005869993332874301,277.31910595904924,25299,0.0008804989999311452
30,SA1_m002_v20_Ye05_spec_2020-07-01.dat,0.002,0.2,0.05,128.49036047780183,0.32420216518318057,0.29472924107562903,0.8580035494201672,24793,0.3094657031294048
31,SA1_m002_v20_Ye10_spec_2020-07-01.dat,0.002,0.2,0.1,141.84648027873104,0.34328716801411474,0.31059315201275695,0.9358716993678756,24793,0.32694016001343584
32,SA1_m002_v20_Ye15_spec_2020-07-01.dat,0.002,0.2,0.15,181.68515691998596,0.47892908950393576,0.4372830817209774,0.7738990549239703,24793,0.4581060856124566
33,SA1_m002_v20_Ye20_spec_2020-07-01.dat,0.002,0.2,0.2,32.98309531854772,0.03682773118229932,0.012275910394095035,15.684244538980112,24793,0.024551820788197176
34,SA1_m002_v20_Ye25_spec_2020-07-01.dat,0.002,0.2,0.25,55.30410968134342,0.24779496168510917,0.24144124471882122,108.2620621591234,24793,0.2446181032019652
35,SA1_m002_v20_Ye30_spec_2020-07-01.dat,0.002,0.2,0.3,6.426289709932091,0.00716103762269249,0.0023870125408969045,68.47932865897153,24793,0.004774025081794697
36,SA1_m002_v20_Ye35_spec_2020-07-01.dat,0.002,0.2,0.35,7.822679171262871,0.011617366797417539,0.005808683398708325,40.56990044382933,24793,0.008713025098062932
37,SA1_m002_v20_Ye40_spec_2020-07-01.dat,0.002,0.2,0.4,14.958822161357755,0.011081410052897311,0.0055407050264477675,51.139826727130234,24793,0.00831105753967254
38,SA1_m002_v20_Ye45_spec_2020-07-01.dat,0.002,0.2,0.45,0.01,0.001159111222382974,3.864992405410578e-07,67.13049485469969,24793,0.0005797488608117575
39,SA1_m002_v20_Ye50_spec_2020-07-01.dat,0.002,0.2,0.5,1.8572767022666223,0.0020555749654300737,0.0006851916551433579,192.9262030882736,24793,0.0013703833102867158
40,SA1_m002_v30_Ye05_spec_2020-07-01.dat,0.002,0.3,0.05,183.64363940358461,0.5055447759940535,0.5055447759940819,0.9844348020545963,22263,0.5055447759940677
41,SA1_m002_v30_Ye10_spec_2020-07-01.dat,0.002,0.3,0.1,201.74939189779997,0.554369932163695,0.5312711849902598,1.0340710137193103,22263,0.5428205585769774
42,SA1_m002_v30_Ye15_spec_2020-07-01.dat,0.002,0.3,0.15,215.89628719573653,0.5940591603667542,0.5693066953515142,1.0780192457092794,22263,0.5816829278591342
43,SA1_m002_v30_Ye20_spec_2020-07-01.dat,0.002,0.3,0.2,72.35461288251368,0.14907866156626426,0.13251436583668408,2.194133043647635,22263,0.14079651370147417
44,SA1_m002_v30_Ye25_spec_2020-07-01.dat,0.002,0.3,0.25,17.062719150106055,0.01908886472026694,0.006362954906755647,38.880411190897625,22263,0.012725909813511294
45,SA1_m002_v30_Ye30_spec_2020-07-01.dat,0.002,0.3,0.3,8.28661842180845,0.00923042946670094,0.003076809822234239,81.25826982881111,22263,0.0061536196444675895
46,SA1_m002_v30_Ye35_spec_2020-07-01.dat,0.002,0.3,0.35,17.426406847915835,0.014048352768675443,0.010034537691907985,101.52781223530941,22263,0.012041445230291714
47,SA1_m002_v30_Ye40_spec_2020-07-01.dat,0.002,0.3,0.4,19.9115223739109,0.034172258138447376,0.029615957053323427,23.833176820555828,22263,0.0318941075958854
48,SA1_m002_v30_Ye45_spec_2020-07-01.dat,0.002,0.3,0.45,0.01,0.001159111222382974,3.864992405410578e-07,73.68504259586976,22263,0.0005797488608117575
49,SA1_m002_v30_Ye50_spec_2020-07-01.dat,0.002,0.3,0.5,2.1604772513035106,0.002389419168114859,0.0007964730560385824,100.86212977704949,22263,0.0015929461120767208
50,SA1_m002_v40_Ye05_spec_2020-07-01.dat,0.002,0.4,0.05,276.9548981276755,1.148235754910388,1.0844448796376014,1.529178426645934,18215,1.1163403172739947
51,SA1_m002_v40_Ye10_spec_2020-07-01.dat,0.002,0.4,0.1,275.4840848170478,1.103548957463488,1.040489017037089,1.59702347657269,18215,1.0720189872502885
52,SA1_m002_v40_Ye15_spec_2020-07-01.dat,0.002,0.4,0.15,321.54909517855816,1.2548487627258282,1.2548487627258282,1.7295514935241838,18215,1.2548487627258282
53,SA1_m002_v40_Ye20_spec_2020-07-01.dat,0.002,0.4,0.2,191.08508871671256,0.5015234407058244,0.4797180737186295,2.3090153102046713,18215,0.490620757212227
54,SA1_m002_v40_Ye25_spec_2020-07-01.dat,0.002,0.4,0.25,109.35793062503183,0.17557035842446567,0.13794813876207002,15.60460295775497,18215,0.15675924859326784
55,SA1_m002_v40_Ye30_spec_2020-07-01.dat,0.002,0.4,0.3,18.142132907620294,0.02696227941653717,0.013481139708268586,47.019109926443704,18215,0.02022170956240288
56,SA1_m002_v40_Ye35_spec_2020-07-01.dat,0.002,0.4,0.35,51.85288963431507,0.07697533724471839,0.03848766862235209,52.392890335440285,18215,0.05773150293353524
57,SA1_m002_v40_Ye40_spec_2020-07-01.dat,0.002,0.4,0.4,110.46059135833104,0.13954711111954055,0.11417490909779815,15.128279402078295,18215,0.12686101010866935
58,SA1_m002_v40_Ye45_spec_2020-07-01.dat,0.002,0.4,0.45,0.01,0.001159111222382974,3.864992405410578e-07,74.62321185802355,18215,0.0005797488608117575
59,SA1_m002_v40_Ye50_spec_2020-07-01.dat,0.002,0.4,0.5,1.3967277220111638,0.0012868302313078228,0.0009651226734810336,90.42922496742372,18215,0.0011259764523944282
60,SA1_m01_v05_Ye05_spec_2020-07-01.dat,0.01,0.05,0.05,22.357273320917983,0.041476008390716856,0.024885605034430824,3.822649131479747,25805,0.03318080671257384
61,SA1_m01_v05_Ye10_spec_2020-07-01.dat,0.01,0.05,0.1,21.510289729404757,0.03210412270660967,0.027165026905592526,4.812099970343922,25805,0.0296345748061011
62,SA1_m01_v05_Ye15_spec_2020-07-01.dat,0.01,0.05,0.15,24.589198058569913,0.036386673661834124,0.027290005246378257,5.860985696087759,25805,0.03183833945410619
63,SA1_m01_v05_Ye20_spec_2020-07-01.dat,0.01,0.05,0.2,1.7968432685000908,0.0019853814094445976,0.0006617938031481252,119.55113287464229,25805,0.0013235876062963614
64,SA1_m01_v05_Ye25_spec_2020-07-01.dat,0.01,0.05,0.25,1.0243472901388093,0.0007583904973000877,0.00037919524865004384,313.6932581604158,25805,0.0005687928729750658
65,SA1_m01_v05_Ye30_spec_2020-07-01.dat,0.01,0.05,0.3,0.8615848945606255,0.0009554056408682676,0.0003184685469561632,303.43789150557103,25805,0.0006369370939122154
66,SA1_m01_v05_Ye35_spec_2020-07-01.dat,0.01,0.05,0.35,1.0137468292460365,0.0007496242190037083,0.0003748121095019652,287.17965603614306,25805,0.0005622181642528368
67,SA1_m01_v05_Ye40_spec_2020-07-01.dat,0.01,0.05,0.4,1.3408649053120123,0.0014858930837127193,0.0004952976945709064,105.71182230493083,25805,0.0009905953891418129
68,SA1_m01_v05_Ye45_spec_2020-07-01.dat,0.01,0.05,0.45,0.04371205951717719,0.00012026409939242672,0.00011525309525108052,1.717593150865987,25805,0.00011775859732175362
69,SA1_m01_v05_Ye50_spec_2020-07-01.dat,0.01,0.05,0.5,0.8757476423586362,0.0009665958046430889,0.0003221986015476963,526.2457413528614,25805,0.0006443972030953926
70,SA1_m01_v10_Ye05_spec_2020-07-01.dat,0.01,0.1,0.05,51.627017151652225,0.11265525000376897,0.10079680263494595,1.2010317815257419,25805,0.10672602631935746
71,SA1_m01_v10_Ye10_spec_2020-07-01.dat,0.01,0.1,0.1,37.673957924525574,0.07485662965399342,0.06909842737291427,1.7008442723176689,25805,0.07197752851345385
72,SA1_m01_v10_Ye15_spec_2020-07-01.dat,0.01,0.1,0.15,69.82381450320713,0.1440125929609053,0.12001049413409248,1.1983338568147874,25805,0.1320115435474989
73,SA1_m01_v10_Ye20_spec_2020-07-01.dat,0.01,0.1,0.2,5.378947910579431,0.006194651143242247,0.004955720914594508,24.74056146029027,25805,0.0055751860289183774
74,SA1_m01_v10_Ye25_spec_2020-07-01.dat,0.01,0.1,0.25,0.5351125217811675,0.0005849749592808928,0.00019499165309366795,202.36933994426494,25805,0.0003899833061872804
75,SA1_m01_v10_Ye30_spec_2020-07-01.dat,0.01,0.1,0.3,0.7831150807870938,0.0008602912620034875,0.0002867637540011625,177.48295413040464,25805,0.000573527508002325
76,SA1_m01_v10_Ye35_spec_2020-07-01.dat,0.01,0.1,0.35,0.5028162931647084,0.0005516600296620044,0.00018388667655400148,146.4946723238696,25805,0.00036777335310800296
77,SA1_m01_v10_Ye40_spec_2020-07-01.dat,0.01,0.1,0.4,1.3578981943171435,0.0015032321869707932,0.0010021547913139361,61.90644042915754,25805,0.0012526934891423647
78,SA1_m01_v10_Ye45_spec_2020-07-01.dat,0.01,0.1,0.45,0.027748463165007058,0.017748463165007056,2.2766114885844346e-06,43.655551732933816,25805,0.00887536988824782
79,SA1_m01_v10_Ye50_spec_2020-07-01.dat,0.01,0.1,0.5,1.0611290325233036,0.0011779555837017064,0.00039265186123405016,469.296461081248,25805,0.0007853037224678783
80,SA1_m01_v15_Ye05_spec_2020-09-17.dat,0.01,0.15,0.05,53.14066833374722,0.09846306214556932,0.0787704497164512,1.6032080596015883,25299,0.08861675593101026
81,SA1_m01_v15_Ye10_spec_2020-09-17.dat,0.01,0.15,0.1,44.94870738186865,0.07228793360622632,0.06712450977720863,2.002100646512719,25299,0.06970622169171747
82,SA1_m01_v15_Ye15_spec_2020-09-17.dat,0.01,0.15,0.15,50.45067992144956,0.08111774336458666,0.06952949431251199,2.210395348971879,25299,0.07532361883854932
83,SA1_m01_v15_Ye20_spec_2020-09-17.dat,0.01,0.15,0.2,11.48451518878728,0.02124910220145715,0.01699928176116572,6.44289691497623,25299,0.019124191981311434
84,SA1_m01_v15_Ye25_spec_2020-09-17.dat,0.01,0.15,0.25,0.4435610050925843,0.0004847868115087084,0.00016159560383621763,131.3746423697291,25299,0.000323191207672463
85,SA1_m01_v15_Ye30_spec_2020-09-17.dat,0.01,0.15,0.3,0.7050275385857973,0.0007745477770272347,0.00025818259234244856,140.92972781664523,25299,0.0005163651846848416
86,SA1_m01_v15_Ye35_spec_2020-09-17.dat,0.01,0.15,0.35,0.5218002331801597,0.0005714181985635447,0.0003809454657091038,113.34105633128576,25299,0.00047618183213632426
87,SA1_m01_v15_Ye40_spec_2020-09-17.dat,0.01,0.15,0.4,0.3887820610790193,0.00049234371438589,0.0004475851948962939,47.698941644744345,25299,0.00046996445464109193
88,SA1_m01_v15_Ye45_spec_2020-09-17.dat,0.01,0.15,0.45,0.01,0.001159111222382974,3.864992405410578e-07,93.71628660511105,25299,0.0005797488608117575
89,SA1_m01_v15_Ye50_spec_2020-09-17.dat,0.01,0.15,0.5,1.1049249218838484,0.0008131636998767178,0.0004065818499383589,400.2462218081004,25299,0.0006098727749075383
90,SA1_m01_v20_Ye05_spec_2020-07-01.dat,0.01,0.2,0.05,66.80803575362803,0.13752461884293155,0.122244105638174,1.2818814034217492,24793,0.12988436224055278
91,SA1_m01_v20_Ye10_spec_2020-07-01.dat,0.01,0.2,0.1,74.13490273269993,0.14407940664182206,0.13560414742759974,1.3486905084780711,24793,0.1398417770347109
92,SA1_m01_v20_Ye15_spec_2020-07-01.dat,0.01,0.2,0.15,94.33671561385512,0.20512174192637644,0.18352997961834205,1.0782402685652603,24793,0.19432586077235925
93,SA1_m01_v20_Ye20_spec_2020-07-01.dat,0.01,0.2,0.2,19.133644936338932,0.01980659921471073,0.015405132722548842,15.842783444554836,24793,0.017605865968629786
94,SA1_m01_v20_Ye25_spec_2020-07-01.dat,0.01,0.2,0.25,0.6540799753618036,0.0007517976049878916,0.0006014380839904909,120.3231441081875,24793,0.0006766178444891913
95,SA1_m01_v20_Ye30_spec_2020-07-01.dat,0.01,0.2,0.3,2.150123101575012,0.002389419168114859,0.0015929461120767208,83.36173831239184,24793,0.00199118264009579
96,SA1_m01_v20_Ye35_spec_2020-07-01.dat,0.01,0.2,0.35,2.1863137729676465,0.003222974858152483,0.0016114874290766856,72.52514188194544,24793,0.0024172311436145844
97,SA1_m01_v20_Ye40_spec_2020-07-01.dat,0.01,0.2,0.4,5.823379734167802,0.008606039576857683,0.002151509894215309,38.345827721772906,24793,0.005378774735536496
98,SA1_m01_v20_Ye45_spec_2020-07-01.dat,0.01,0.2,0.45,0.01,0.001159111222382974,3.864992405410578e-07,54.0690185162519,24793,0.0005797488608117575
99,SA1_m01_v20_Ye50_spec_2020-07-01.dat,0.01,0.2,0.5,1.130248059838482,0.0008322793906676562,0.0004161396953337171,328.360689103987,24793,0.0006242095430006867
100,SA1_m01_v30_Ye05_spec_2020-07-01.dat,0.01,0.3,0.05,97.62176143546914,0.27939145455613357,0.26821579637388027,1.2729448578007454,22263,0.2738036254650069
101,SA1_m01_v30_Ye10_spec_2020-07-01.dat,0.01,0.3,0.1,106.00510977347243,0.30286434857056577,0.2786352006849171,1.3399538698790896,22263,0.29074977462774143
102,SA1_m01_v30_Ye15_spec_2020-07-01.dat,0.01,0.3,0.15,114.77973741962597,0.3283093027336861,0.3020445585149787,1.3310636017142774,22263,0.3151769306243324
103,SA1_m01_v30_Ye20_spec_2020-07-01.dat,0.01,0.3,0.2,30.63041621681287,0.056479727432222404,0.04941976150318794,4.739092038342937,22263,0.05294974446770517
104,SA1_m01_v30_Ye25_spec_2020-07-01.dat,0.01,0.3,0.25,4.94669573427327,0.007321758597365502,0.003660879298681863,37.574854849077404,22263,0.005491318948023682
105,SA1_m01_v30_Ye30_spec_2020-07-01.dat,0.01,0.3,0.3,3.6607757076625442,0.004066961427028115,0.0013556538090098158,144.24587170045044,22263,0.0027113076180189655
106,SA1_m01_v30_Ye35_spec_2020-07-01.dat,0.01,0.3,0.35,7.773334377521088,0.007165838250461576,0.005374378687846182,70.3175155517463,22263,0.006270108469153879
107,SA1_m01_v30_Ye40_spec_2020-07-01.dat,0.01,0.3,0.4,5.520214293900402,0.008240815975407934,0.006972998133038644,30.134518664867496,22263,0.007606907054223289
108,SA1_m01_v30_Ye45_spec_2020-07-01.dat,0.01,0.3,0.45,0.011015707254547178,0.0010157072545471778,2.352808094862463e-07,79.70018181836494,22263,0.000507971267678332
109,SA1_m01_v30_Ye50_spec_2020-07-01.dat,0.01,0.3,0.5,1.101672267084342,0.0008131636998767178,0.0004065818499383589,217.82332015570552,22263,0.0006098727749075383
110,SA1_m01_v40_Ye05_spec_2020-07-01.dat,0.01,0.4,0.05,129.7859121032703,0.5068473173337509,0.4919400432945338,2.2931474662584272,18215,0.49939368031414233
111,SA1_m01_v40_Ye10_spec_2020-07-01.dat,0.01,0.4,0.1,129.59211754076034,0.4919400432945338,0.4919400432945338,2.3246711831169247,18215,0.4919400432945338
112,SA1_m01_v40_Ye15_spec_2020-07-01.dat,0.01,0.4,0.15,150.0105119482747,0.5820190667724319,0.5649008589261655,2.416936256942113,18215,0.5734599628492987
113,SA1_m01_v40_Ye20_spec_2020-07-01.dat,0.01,0.4,0.2,86.94566429550207,0.24897920084295322,0.24897920084295322,3.0746807897632396,18215,0.24897920084295322
114,SA1_m01_v40_Ye25_spec_2020-07-01.dat,0.01,0.4,0.25,33.80237279051434,0.06281110184110617,0.025124440736441045,33.60349801404499,18215,0.043967771288773605
115,SA1_m01_v40_Ye30_spec_2020-07-01.dat,0.01,0.4,0.3,7.948597319399682,0.014690224499259052,0.005876089799703443,81.11077176100746,18215,0.010283157149481248
116,SA1_m01_v40_Ye35_spec_2020-07-01.dat,0.01,0.4,0.35,20.177114827615913,0.037388051219160445,0.022432830731496267,78.45904892106,18215,0.029910440975328356
117,SA1_m01_v40_Ye40_spec_2020-07-01.dat,0.01,0.4,0.4,34.913409409970214,0.0520170035916081,0.026008501795800498,42.12273557794412,18215,0.0390127526937043
118,SA1_m01_v40_Ye45_spec_2020-07-01.dat,0.01,0.4,0.45,0.01,0.001159111222382974,3.864992405410578e-07,80.07028366256328,18215,0.0005797488608117575
119,SA1_m01_v40_Ye50_spec_2020-07-01.dat,0.01,0.4,0.5,0.8931747232670794,0.0009893667549668583,0.0003297889183222491,165.38932165927093,18215,0.0006595778366445537
120,SA1_m03_v05_Ye05_spec_2020-07-10.dat,0.03,0.05,0.05,17.097982171175847,0.029417693129577316,0.025495334045636753,3.443770500525195,25805,0.027456513587607034
121,SA1_m03_v05_Ye10_spec_2020-07-10.dat,0.03,0.05,0.1,16.56897367423126,0.030733061756183844,0.018439837053708885,4.3663143730943945,25805,0.024586449404946364
122,SA1_m03_v05_Ye15_spec_2020-07-10.dat,0.03,0.05,0.15,18.128651767912025,0.033702849270671464,0.013481139708268586,4.813208423885066,25805,0.023591994489470025
123,SA1_m03_v05_Ye20_spec_2020-07-10.dat,0.03,0.05,0.2,1.4812464258261435,0.001649379401150286,0.000549793133716836,126.29585573831307,25805,0.001099586267433561
124,SA1_m03_v05_Ye25_spec_2020-07-10.dat,0.03,0.05,0.25,0.8911959897571456,0.0009893667549668583,0.0003297889183222491,369.4838592645937,25805,0.0006595778366445537
125,SA1_m03_v05_Ye30_spec_2020-07-10.dat,0.03,0.05,0.3,0.7440484171610401,0.0005473888271149141,0.00027369441355740154,353.96485881321365,25805,0.0004105416203361578
126,SA1_m03_v05_Ye35_spec_2020-07-10.dat,0.03,0.05,0.35,0.8179091474634189,0.000901348993079365,0.0003004496643597143,336.1606638636432,25805,0.0006008993287195397
127,SA1_m03_v05_Ye40_spec_2020-07-10.dat,0.03,0.05,0.4,1.1160750708326972,0.0008226664714263698,0.0004113332357131849,120.43070059376437,25805,0.0006169998535697774
128,SA1_m03_v05_Ye45_spec_2020-07-10.dat,0.03,0.05,0.45,0.04896704372426932,0.00011246174227396571,0.0001068386551602643,2.089990938720506,25805,0.00010965019871711501
129,SA1_m03_v05_Ye50_spec_2020-07-10.dat,0.03,0.05,0.5,0.6959401084447606,0.0007655581567463932,0.00025518605224883473,526.7995760647235,25805,0.0005103721044976139
130,SA1_m03_v10_Ye05_spec_2020-07-10.dat,0.03,0.1,0.05,34.95859381360045,0.0881556892607307,0.080141535691574,1.1483792911231778,25805,0.08414861247615235
131,SA1_m03_v10_Ye10_spec_2020-07-10.dat,0.03,0.1,0.1,24.949546508106774,0.05163628920374563,0.05163628920374563,1.7677443526526455,25805,0.05163628920374563
132,SA1_m03_v10_Ye15_spec_2020-07-10.dat,0.03,0.1,0.15,49.80959593535279,0.12028240815540414,0.12028240815540414,0.8384287838562948,25805,0.12028240815540414
133,SA1_m03_v10_Ye20_spec_2020-07-10.dat,0.03,0.1,0.2,3.799342641262015,0.005613840950017934,0.0014034602375043725,30.50771155214648,25805,0.0035086505937611534
134,SA1_m03_v10_Ye25_spec_2020-07-10.dat,0.03,0.1,0.25,0.4565372257390988,0.00031557096150369723,0.00021038064100242782,251.91251085517686,25805,0.0002629758012530625
135,SA1_m03_v10_Ye30_spec_2020-07-10.dat,0.03,0.1,0.3,0.6614677147458261,0.000730617997845795,0.000243539332615339,218.9016287557165,25805,0.000487078665230567
136,SA1_m03_v10_Ye35_spec_2020-07-10.dat,0.03,0.1,0.35,0.45065224502319606,0.0004905219796176308,0.00016350732653924727,176.63395631588565,25805,0.000327014653078439
137,SA1_m03_v10_Ye40_spec_2020-07-10.dat,0.03,0.1,0.4,0.8971321902869468,0.0009893667549668583,0.0003297889183222491,76.32790623885975,25805,0.0006595778366445537
138,SA1_m03_v10_Ye45_spec_2020-07-10.dat,0.03,0.1,0.45,0.05230812607992487,0.04230812607992487,5.282572865521196e-06,25.423306905441258,25805,0.021156704326395194
139,SA1_m03_v10_Ye50_spec_2020-07-10.dat,0.03,0.1,0.5,0.9411349484513746,0.0006910092381827715,0.00034550461909144126,534.5914456134855,25805,0.0005182569286371064
140,SA1_m03_v15_Ye05_spec_2020-09-17.dat,0.03,0.15,0.05,37.9868359748548,0.07818711791064459,0.07384338913782784,1.1050847163790924,25299,0.07601525352423621
141,SA1_m03_v15_Ye10_spec_2020-09-17.dat,0.03,0.15,0.1,31.188998074057196,0.06427618907766686,0.060705289684459984,1.3104305823758287,25299,0.06249073938106342
142,SA1_m03_v15_Ye15_spec_2020-09-17.dat,0.03,0.15,0.15,37.24876836421924,0.07271524223173031,0.0641605078515326,1.3694886615384936,25299,0.06843787504163146
143,SA1_m03_v15_Ye20_spec_2020-09-17.dat,0.03,0.15,0.2,6.862022817126621,0.012625306831124838,0.010258061800288765,7.67560663504722,25299,0.011441684315706802
144,SA1_m03_v15_Ye25_spec_2020-09-17.dat,0.03,0.15,0.25,0.35628370371461193,0.0003874864271330991,0.0001291621423776812,167.89601637859212,25299,0.00025832428475539015
145,SA1_m03_v15_Ye30_spec_2020-09-17.dat,0.03,0.15,0.3,0.5369628537874184,0.0005918714194542707,0.00019729047315131254,173.3938389595653,25299,0.0003945809463027916
146,SA1_m03_v15_Ye35_spec_2020-09-17.dat,0.03,0.15,0.35,0.4201547074291579,0.00045708176905179254,0.00015236058968393085,143.0611994908426,25299,0.0003047211793678617
147,SA1_m03_v15_Ye40_spec_2020-09-17.dat,0.03,0.15,0.4,0.3580919737078997,0.0005166485695107803,0.0002583242847554179,61.82712957435095,25299,0.0003874864271330991
148,SA1_m03_v15_Ye45_spec_2020-09-17.dat,0.03,0.15,0.45,0.01237958560159061,0.002379585601590609,4.0019939481772404e-07,76.5895635200127,25299,0.0011899929004927133
149,SA1_m03_v15_Ye50_spec_2020-09-17.dat,0.03,0.15,0.5,0.9025142545285088,0.0006673003772176278,0.0003336501886087584,447.63812433514875,25299,0.0005004752829131931
150,SA1_m03_v20_Ye05_spec_2020-07-10.dat,0.03,0.2,0.05,46.14470432012627,0.09510870969319996,0.08982489248801784,1.1963809068527516,24793,0.0924668010906089
151,SA1_m03_v20_Ye10_spec_2020-07-10.dat,0.03,0.2,0.1,51.3988590763547,0.10550312772592463,0.0937805579785973,1.2714282896716917,24793,0.09964184285226096
152,SA1_m03_v20_Ye15_spec_2020-07-10.dat,0.03,0.2,0.15,65.00954608581611,0.14185724976937308,0.12692490768837672,1.0089115274909837,24793,0.1343910787288749
153,SA1_m03_v20_Ye20_spec_2020-07-10.dat,0.03,0.2,0.2,13.266453232282661,0.01974890611885627,0.009874453059428134,10.253820328552834,24793,0.014811679589142202
154,SA1_m03_v20_Ye25_spec_2020-07-10.dat,0.03,0.2,0.25,0.3936695889076233,0.00043092802947319875,0.00014364267649102924,157.56946767548686,24793,0.000287285352982114
155,SA1_m03_v20_Ye30_spec_2020-07-10.dat,0.03,0.2,0.3,1.236567837388215,0.0013699566314835376,0.00045665221049451254,118.37399083294116,24793,0.0009133044209890251
156,SA1_m03_v20_Ye35_spec_2020-07-10.dat,0.03,0.2,0.35,1.2444047513308665,0.0011467564858798074,0.000860067364409689,98.95068231336266,24793,0.0010034119251447482
157,SA1_m03_v20_Ye40_spec_2020-07-10.dat,0.03,0.2,0.4,2.923021517773984,0.002690553148965158,0.002354234005344402,51.41526537380904,24793,0.00252239357715478
158,SA1_m03_v20_Ye45_spec_2020-07-10.dat,0.03,0.2,0.45,0.01,0.001159111222382974,3.864992405410578e-07,55.81168313315325,24793,0.0005797488608117575
159,SA1_m03_v20_Ye50_spec_2020-07-10.dat,0.03,0.2,0.5,1.021992695655078,0.0011244363285056735,0.0003748121095019652,397.69499671912865,24793,0.0007496242190038194
160,SA1_m03_v30_Ye05_spec_2020-07-10.dat,0.03,0.3,0.05,62.836420141327835,0.18752374506915714,0.18752374506917135,1.2725624301572234,22263,0.18752374506916425
161,SA1_m03_v30_Ye10_spec_2020-07-10.dat,0.03,0.3,0.1,68.12340011380576,0.20327843234187526,0.19546003109795151,1.3234543643721366,22263,0.1993692317199134
162,SA1_m03_v30_Ye15_spec_2020-07-10.dat,0.03,0.3,0.15,74.21118006562796,0.22883199878407368,0.21188148035562904,1.3179813017858253,22263,0.22035673956985136
163,SA1_m03_v30_Ye20_spec_2020-07-10.dat,0.03,0.3,0.2,19.685622267554344,0.03378070222792218,0.029276608597538,6.093217659873118,22263,0.03152865541273009
164,SA1_m03_v30_Ye25_spec_2020-07-10.dat,0.03,0.3,0.25,1.6217231279193793,0.0020553652913917198,0.0016816625111386596,53.3412501221058,22263,0.0018685139012651897
165,SA1_m03_v30_Ye30_spec_2020-07-10.dat,0.03,0.3,0.3,2.226548048017504,0.0024738259464482937,0.0008246086488159499,112.7382984031521,22263,0.0016492172976321218
166,SA1_m03_v30_Ye35_spec_2020-07-10.dat,0.03,0.3,0.35,4.2305004315146295,0.005835700497068608,0.004376775372802122,49.91287933577247,22263,0.005106237934935365
167,SA1_m03_v30_Ye40_spec_2020-07-10.dat,0.03,0.3,0.4,1.7039330675981466,0.002527315281757758,0.001263657640878879,53.98415352068239,22263,0.0018954864613183187
168,SA1_m03_v30_Ye45_spec_2020-07-10.dat,0.03,0.3,0.45,0.01039255744825886,0.00039255744825886056,1.591234082918419e-07,66.0810208845372,22263,0.0001963582858335762
169,SA1_m03_v30_Ye50_spec_2020-07-10.dat,0.03,0.3,0.5,0.8612664260136694,0.0006369370939122154,0.0003184685469560522,334.9320778745819,22263,0.0004777028204341338
170,SA1_m03_v40_Ye05_spec_2020-07-10.dat,0.03,0.4,0.05,87.43427762308198,0.38135592722954925,0.3713202449340258,1.9905534514588152,18215,0.37633808608178754
171,SA1_m03_v40_Ye10_spec_2020-07-10.dat,0.03,0.4,0.1,85.82142929292012,0.3642669580572999,0.3544219051368316,2.1265691366666317,18215,0.35934443159706575
172,SA1_m03_v40_Ye15_spec_2020-07-10.dat,0.03,0.4,0.15,99.86365817384156,0.4117045064991771,0.4231407427908067,2.195503882487217,18215,0.4174226246449919
173,SA1_m03_v40_Ye20_spec_2020-07-10.dat,0.03,0.4,0.2,54.78975609212281,0.18842742555291636,0.18214651136781157,2.8218205549057744,18215,0.18528696846036397
174,SA1_m03_v40_Ye25_spec_2020-07-10.dat,0.03,0.4,0.25,17.076409196214158,0.023534154503661142,0.021572974961689084,40.59758673905549,18215,0.022553564732675113
175,SA1_m03_v40_Ye30_spec_2020-07-10.dat,0.03,0.4,0.3,4.272157458333736,0.00590334275643567,0.004919452297029281,92.37844136007982,18215,0.005411397526732475
176,SA1_m03_v40_Ye35_spec_2020-07-10.dat,0.03,0.4,0.35,10.278432153424806,0.014173541513986976,0.012992413054490726,109.00419692491536,18215,0.01358297728423885
177,SA1_m03_v40_Ye40_spec_2020-07-10.dat,0.03,0.4,0.4,14.542202380655432,0.021657529628399175,0.005414382407099794,62.43263693754439,18215,0.013535956017749484
178,SA1_m03_v40_Ye45_spec_2020-07-10.dat,0.03,0.4,0.45,0.01097795978647034,0.000977959786470339,2.3065089303601904e-07,82.46169052393176,18215,0.0004890952186816875
179,SA1_m03_v40_Ye50_spec_2020-07-10.dat,0.03,0.4,0.5,0.6668255800633619,0.000730617997845795,0.00024353933261522798,237.40900665381298,18215,0.00048707866523051147
180,SA1_m05_v05_Ye05_spec_2020-07-01.dat,0.05,0.05,0.05,15.72037106351209,0.028946916067916106,0.02532855155942393,3.17626027609529,25805,0.027137733813670017
181,SA1_m05_v05_Ye10_spec_2020-07-01.dat,0.05,0.05,0.1,15.330267200138472,0.03401983834227629,0.017009919171137255,4.077105812998886,25805,0.02551487875670677
182,SA1_m05_v05_Ye15_spec_2020-07-01.dat,0.05,0.05,0.15,16.421666103657532,0.030380722146720274,0.018228433288030033,4.330992449717886,25805,0.024304577717375153
183,SA1_m05_v05_Ye20_spec_2020-07-01.dat,0.05,0.05,0.2,1.3705842573100366,0.0020276963596272957,0.0005069240899069349,117.61932915063403,25805,0.0012673102247671153
184,SA1_m05_v05_Ye25_spec_2020-07-01.dat,0.05,0.05,0.25,0.8292014678644735,0.000911912580183083,0.00030397086006095364,384.76169300937056,25805,0.0006079417201220183
185,SA1_m05_v05_Ye30_spec_2020-07-01.dat,0.05,0.05,0.3,0.6864643587374093,0.0005044476948078414,0.0002522238474039762,361.4355707479352,25805,0.00037833577110590877
186,SA1_m05_v05_Ye35_spec_2020-07-01.dat,0.05,0.05,0.35,0.7336413595113914,0.0005410402687935356,0.0002705201343967678,353.7003003344511,25805,0.0004057802015951517
187,SA1_m05_v05_Ye40_spec_2020-07-01.dat,0.05,0.05,0.4,1.0243472901388093,0.0007583904973000877,0.00037919524865004384,129.36929001955355,25805,0.0005687928729750658
188,SA1_m05_v05_Ye45_spec_2020-07-01.dat,0.05,0.05,0.45,0.05148324593356818,0.00011187896310883155,0.00010599059662942667,2.510389197512858,25805,0.00010893477986912911
189,SA1_m05_v05_Ye50_spec_2020-07-01.dat,0.05,0.05,0.5,0.6499893023370004,0.0007137427163609322,0.0002379142387869404,524.005391690235,25805,0.0004758284775739363
190,SA1_m05_v10_Ye05_spec_2020-07-01.dat,0.05,0.1,0.05,29.773658847027875,0.07502055544838981,0.07161053020073282,1.2568735930343085,25805,0.07331554282456132
191,SA1_m05_v10_Ye10_spec_2020-07-01.dat,0.05,0.1,0.1,20.874740935021492,0.045326902349941633,0.04294127591047214,1.820301694248581,25805,0.04413408913020689
192,SA1_m05_v10_Ye15_spec_2020-07-01.dat,0.05,0.1,0.15,42.5975973771772,0.10723472205849305,0.10236041651037908,0.8758596749273311,25805,0.10479756928443607
193,SA1_m05_v10_Ye20_spec_2020-07-01.dat,0.05,0.1,0.2,3.342157084201727,0.0049438532406553826,0.0024719266203274692,31.103978658768142,25805,0.003707889930491426
194,SA1_m05_v10_Ye25_spec_2020-07-01.dat,0.05,0.1,0.25,0.42270042324313284,0.0003083305366030076,0.00015416526830147603,278.180941548637,25805,0.0002312479024522418
195,SA1_m05_v10_Ye30_spec_2020-07-01.dat,0.05,0.1,0.3,0.6050796315401811,0.00044359271825578084,0.00022179635912800144,239.962314860748,25805,0.00033269453869189114
196,SA1_m05_v10_Ye35_spec_2020-07-01.dat,0.05,0.1,0.35,0.4259867881366082,0.00029448759348077447,0.00019632506232059033,188.97892364739363,25805,0.0002454063279006824
197,SA1_m05_v10_Ye40_spec_2020-07-01.dat,0.05,0.1,0.4,0.7857977657205333,0.0008703789443387233,0.00029012631477953743,80.07557690849866,25805,0.0005802526295591304
198,SA1_m05_v10_Ye45_spec_2020-07-01.dat,0.05,0.1,0.45,0.05281024613452447,0.04281024613452447,5.343932859135092e-06,17.81663705136523,25805,0.021407795033691803
199,SA1_m05_v10_Ye50_spec_2020-07-01.dat,0.05,0.1,0.5,0.916675994329398,0.0006751124306250134,0.0003375562153125067,563.1653777320195,25805,0.00050633432296876
200,SA1_m05_v15_Ye05_spec_2020-09-17.dat,0.05,0.15,0.05,32.608044723161356,0.07852662445483105,0.07478726138555203,0.9115249736183548,25299,0.07665694292019154
201,SA1_m05_v15_Ye10_spec_2020-09-17.dat,0.05,0.15,0.1,26.18366310312474,0.06008036122046079,0.057076343159437215,1.1467648458054376,25299,0.058578352189949
202,SA1_m05_v15_Ye15_spec_2020-09-17.dat,0.05,0.15,0.15,32.17157125811384,0.07023381033873477,0.06284077767149654,1.0719668845790187,25299,0.06653729400511565
203,SA1_m05_v15_Ye20_spec_2020-09-17.dat,0.05,0.15,0.2,5.567527044884199,0.009618849459456236,0.00897759282882582,8.549621591489391,25299,0.009298221144141028
204,SA1_m05_v15_Ye25_spec_2020-09-17.dat,0.05,0.15,0.25,0.32803947070687534,0.000356679780231961,0.00011889326007735734,186.59989421344645,25299,0.00023778652015465918
205,SA1_m05_v15_Ye30_spec_2020-09-17.dat,0.05,0.15,0.3,0.48523290190402923,0.0003550488620874259,0.00017752443104374072,185.92251558306089,25299,0.0002662866465655833
206,SA1_m05_v15_Ye35_spec_2020-09-17.dat,0.05,0.15,0.35,0.38268588722101016,0.00041594407055917104,0.00013864802351970518,152.27125671758145,25299,0.0002772960470394381
207,SA1_m05_v15_Ye40_spec_2020-09-17.dat,0.05,0.15,0.4,0.33860717229385606,0.0003507988508221205,0.00027284355063944554,65.22849704217413,25299,0.000311821200730783
208,SA1_m05_v15_Ye45_spec_2020-09-17.dat,0.05,0.15,0.45,0.021003225747875484,0.011003225747875484,4.853436437676772e-07,66.79335474817844,25299,0.005501855545759626
209,SA1_m05_v15_Ye50_spec_2020-09-17.dat,0.05,0.15,0.5,0.8270736718440462,0.000911912580183083,0.00030397086006106466,464.75799790797294,25299,0.0006079417201220738
210,SA1_m05_v20_Ye05_spec_2020-07-01.dat,0.05,0.2,0.05,39.83351790343887,0.09097304162045106,0.07732708537738375,1.0640981744767808,24793,0.0841500634989174
211,SA1_m05_v20_Ye10_spec_2020-07-01.dat,0.05,0.2,0.1,44.50002708375462,0.09698093584040635,0.08677241627826504,1.1319348130774445,24793,0.0918766760593357
212,SA1_m05_v20_Ye15_spec_2020-07-01.dat,0.05,0.2,0.15,56.06083836812717,0.12854727225359142,0.12211990864091149,0.9051810354055929,24793,0.12533359044725145
213,SA1_m05_v20_Ye20_spec_2020-07-01.dat,0.05,0.2,0.2,10.971224413471438,0.01623283882039317,0.012174629115296653,7.842016075040039,24793,0.014203733967844911
214,SA1_m05_v20_Ye25_spec_2020-07-01.dat,0.05,0.2,0.25,0.33493257926806536,0.00036522957579770976,0.00012174319193258842,177.41038054061312,24793,0.0002434863838651491
215,SA1_m05_v20_Ye30_spec_2020-07-01.dat,0.05,0.2,0.3,1.0152460776840442,0.0011244363285056735,0.00037481210950174315,127.77271344111197,24793,0.0007496242190037083
216,SA1_m05_v20_Ye35_spec_2020-07-01.dat,0.05,0.2,0.35,1.015620889793546,0.0011244363285054515,0.0003748121095019652,108.37688772412176,24793,0.0007496242190037083
217,SA1_m05_v20_Ye40_spec_2020-07-01.dat,0.05,0.2,0.4,2.244836347316284,0.002502616290387838,0.0016684108602582626,56.48249902174258,24793,0.0020855135753230503
218,SA1_m05_v20_Ye45_spec_2020-07-01.dat,0.05,0.2,0.45,0.011113492594064097,0.0011112381108956508,2.469966905744442e-07,65.2733545036021,24793,0.0005557425537931126
219,SA1_m05_v20_Ye50_spec_2020-07-01.dat,0.05,0.2,0.5,0.9932360604319936,0.001098587777018989,0.0003661959256729963,428.1393480917286,24793,0.0007323918513459926
220,SA1_m05_v30_Ye05_spec_2020-07-01.dat,0.05,0.3,0.05,51.14682382678721,0.15825469158887984,0.15239340671521973,1.2002131512519247,22263,0.15532404915204978
221,SA1_m05_v30_Ye10_spec_2020-07-01.dat,0.05,0.3,0.1,55.55825835999481,0.16519664112340848,0.15884292415712054,1.3211194952937122,22263,0.1620197826402645
222,SA1_m05_v30_Ye15_spec_2020-07-01.dat,0.05,0.3,0.15,60.51296166405651,0.18811857009072952,0.1741838611951252,1.2531509044583957,22263,0.18115121564292735
223,SA1_m05_v30_Ye20_spec_2020-07-01.dat,0.05,0.3,0.2,16.647071675149903,0.028747402077250683,0.024914415133618917,5.923625065262096,22263,0.0268309086054348
224,SA1_m05_v30_Ye25_spec_2020-07-01.dat,0.05,0.3,0.25,1.0300352188685595,0.0015167809945999533,0.0007583904973000877,67.00974899082752,22263,0.0011375857459500205
225,SA1_m05_v30_Ye30_spec_2020-07-01.dat,0.05,0.3,0.3,1.7664533386426577,0.0026166902624098487,0.0006541725656026287,103.19928338484607,22263,0.0016354314140062387
226,SA1_m05_v30_Ye35_spec_2020-07-01.dat,0.05,0.3,0.35,3.1740659191685068,0.004374897371416164,0.0036457478095131,54.4716453268497,22263,0.004010322590464632
227,SA1_m05_v30_Ye40_spec_2020-07-01.dat,0.05,0.3,0.4,1.0845551676379808,0.0011234756589542094,0.0008738144014088789,64.47706530503234,22263,0.0009986450301815442
228,SA1_m05_v30_Ye45_spec_2020-07-01.dat,0.05,0.3,0.45,0.01049078189922828,0.0004907818992282795,1.7112339582674163e-07,56.48589661685329,22263,0.00024547651131205314
229,SA1_m05_v30_Ye50_spec_2020-07-01.dat,0.05,0.3,0.5,0.8149046508198212,0.0006008993287195397,0.0003004496643597143,380.0520442012191,22263,0.000450674496539627
230,SA1_m05_v40_Ye05_spec_2020-07-01.dat,0.05,0.4,0.05,74.31973551210443,0.3466426945032879,0.3523253616262849,1.771649235448192,18215,0.3494840280647864
231,SA1_m05_v40_Ye10_spec_2020-07-01.dat,0.05,0.4,0.1,72.79113225617964,0.33512588680592614,0.32674773963577763,1.8462403210968836,18215,0.3309368132208519
232,SA1_m05_v40_Ye15_spec_2020-07-01.dat,0.05,0.4,0.15,85.13002915893495,0.38928981488675163,0.3795575695145885,1.9471038342137634,18215,0.3844236922006701
233,SA1_m05_v40_Ye20_spec_2020-07-01.dat,0.05,0.4,0.2,44.571486720689656,0.16844057277544522,0.16333631299436746,2.4548389907270143,18215,0.16588844288490634
234,SA1_m05_v40_Ye25_spec_2020-07-01.dat,0.05,0.4,0.25,13.10181047047159,0.018054417670169798,0.01654988286432335,42.675340338422686,18215,0.017302150267246574
235,SA1_m05_v40_Ye30_spec_2020-07-01.dat,0.05,0.4,0.3,3.1990552539825763,0.004425607297815937,0.004056806689664683,101.8225463505427,18215,0.00424120699374031
236,SA1_m05_v40_Ye35_spec_2020-07-01.dat,0.05,0.4,0.35,7.840105221458996,0.01161736679741665,0.008713025098062488,119.57562023838348,18215,0.01016519594773957
237,SA1_m05_v40_Ye40_spec_2020-07-01.dat,0.05,0.4,0.4,10.204219078128858,0.015147428050712008,0.003786857012677558,77.97707476763085,18215,0.009467142531694783
238,SA1_m05_v40_Ye45_spec_2020-07-01.dat,0.05,0.4,0.45,0.01109374496902857,0.0010937449690285699,2.4359576147707507e-07,86.35597710990287,18215,0.0005469942823950235
239,SA1_m05_v40_Ye50_spec_2020-07-01.dat,0.05,0.4,0.5,0.5693753775238596,0.00041838098543300895,0.00020919049271639345,292.1403062554843,18215,0.0003137857390747012
240,SA1_m08_v05_Ye05_spec_2020-07-10.dat,0.08,0.05,0.05,15.029422532277678,0.031098167922015918,0.027642815930683184,2.8642416248788254,25805,0.02937049192634955
241,SA1_m08_v05_Ye10_spec_2020-07-10.dat,0.08,0.05,0.1,14.727492034542227,0.027012965993169047,0.02532465561859709,3.6808660105217776,25805,0.02616881080588307
242,SA1_m08_v05_Ye15_spec_2020-07-10.dat,0.08,0.05,0.15,15.584953672843112,0.02503832947261131,0.021461425262238265,3.931314601041312,25805,0.023249877367424787
243,SA1_m08_v05_Ye20_spec_2020-07-10.dat,0.08,0.05,0.2,1.3034120238537268,0.0012008568096077976,0.0009006426072060147,104.12541347878908,25805,0.0010507497084069062
244,SA1_m08_v05_Ye25_spec_2020-07-10.dat,0.08,0.05,0.25,0.76820125754181,0.0005668794448909775,0.0002834397224455998,379.6649123960293,25805,0.00042515958366828865
245,SA1_m08_v05_Ye30_spec_2020-07-10.dat,0.08,0.05,0.3,0.6387909382884597,0.0007054498185734559,0.0002351499395244483,351.43489960818874,25805,0.0004702998790489521
246,SA1_m08_v05_Ye35_spec_2020-07-10.dat,0.08,0.05,0.35,0.6710935456786878,0.0004928017485491543,0.0002464008742745216,349.0126770123498,25805,0.00036960131141183794
247,SA1_m08_v05_Ye40_spec_2020-07-10.dat,0.08,0.05,0.4,0.9342248560695462,0.0010365138572742127,0.00034550461909144126,136.63034584527622,25805,0.000691009238182827
248,SA1_m08_v05_Ye45_spec_2020-07-10.dat,0.08,0.05,0.45,0.05432488295075781,0.00011851503734831154,0.00011227740380367196,2.878081988222302,25805,0.00011539622057599175
249,SA1_m08_v05_Ye50_spec_2020-07-10.dat,0.08,0.05,0.5,0.6518926162472962,0.0007137427163609322,0.00023791423878705142,501.5431996375308,25805,0.0004758284775739918
250,SA1_m08_v10_Ye05_spec_2020-07-10.dat,0.08,0.1,0.05,25.595867116749552,0.06751812378166377,0.06458255318246131,1.2428681902231133,25805,0.06605033848206254
251,SA1_m08_v10_Ye10_spec_2020-07-10.dat,0.08,0.1,0.1,18.0872148629878,0.04155012885442133,0.03531760952625618,1.8846047615202464,25805,0.038433869190338754
252,SA1_m08_v10_Ye15_spec_2020-07-10.dat,0.08,0.1,0.15,37.09158111693938,0.10611888991140006,0.0976293787184801,0.8102012564503985,25805,0.10187413431494008
253,SA1_m08_v10_Ye20_spec_2020-07-10.dat,0.08,0.1,0.2,3.026195589195821,0.003481501635325124,0.002785201308260099,30.643125432616767,25805,0.0031333514717926114
254,SA1_m08_v10_Ye25_spec_2020-07-10.dat,0.08,0.1,0.25,0.3862678596104199,0.0004208812747320545,0.00014029375824398116,304.59515051889844,25805,0.00028058751648801783
255,SA1_m08_v10_Ye30_spec_2020-07-10.dat,0.08,0.1,0.3,0.5601049441767235,0.000613044142841801,0.00020434804761393366,254.27554041046113,25805,0.0004086960952278673
256,SA1_m08_v10_Ye35_spec_2020-07-10.dat,0.08,0.1,0.35,0.4023819063807262,0.00044120904015826357,0.00014706968005273602,200.33239824745513,25805,0.0002941393601054998
257,SA1_m08_v10_Ye40_spec_2020-07-10.dat,0.08,0.1,0.4,0.7097919461260607,0.0007836415970057242,0.0002612138656684637,81.01558313016191,25805,0.000522427731337094
258,SA1_m08_v10_Ye45_spec_2020-07-10.dat,0.08,0.1,0.45,0.05801365980806253,0.00013368413873915408,0.00012031572486523312,12.013883098794086,25805,0.0001269999318021936
259,SA1_m08_v10_Ye50_spec_2020-07-10.dat,0.08,0.1,0.5,0.8951534567770131,0.0009893667549668583,0.0003297889183222491,601.338410351688,25805,0.0006595778366445537
260,SA1_m08_v15_Ye05_spec_2020-09-17.dat,0.08,0.15,0.05,28.47138954493633,0.07489717040774124,0.06838437298097944,0.8351984930265685,25299,0.07164077169436034
261,SA1_m08_v15_Ye10_spec_2020-09-17.dat,0.08,0.15,0.1,22.361565344336245,0.05624127403354251,0.05368485248656185,1.0937795452952257,25299,0.05496306326005218
262,SA1_m08_v15_Ye15_spec_2020-09-17.dat,0.08,0.15,0.15,28.14837497044881,0.07081989039708958,0.06438171854280483,0.8940833129295845,25299,0.0676008044699472
263,SA1_m08_v15_Ye20_spec_2020-09-17.dat,0.08,0.15,0.2,4.657210538458008,0.007999135393908396,0.00639930831512725,9.383065726974985,25299,0.007199221854517823
264,SA1_m08_v15_Ye25_spec_2020-09-17.dat,0.08,0.15,0.25,0.3034651022069679,0.00032826074072367373,0.00010942024690790975,202.85461099997391,25299,0.00021884049381579174
265,SA1_m08_v15_Ye30_spec_2020-09-17.dat,0.08,0.15,0.3,0.44323781388491185,0.0004847868115087084,0.00016159560383621763,195.28495533910674,25299,0.000323191207672463
266,SA1_m08_v15_Ye35_spec_2020-09-17.dat,0.08,0.15,0.35,0.35512124443321264,0.0002583242847554179,0.0001291621423776812,161.00772065954968,25299,0.00019374321356654955
267,SA1_m08_v15_Ye40_spec_2020-09-17.dat,0.08,0.15,0.4,0.32186679920718947,0.00046443305913207444,0.00011610826478303249,66.73629964358429,25299,0.00029027066195755347
268,SA1_m08_v15_Ye45_spec_2020-09-17.dat,0.08,0.15,0.45,0.031216748749115654,0.021216748749115652,2.7031148871342614e-06,56.97718851142007,25299,0.010609725932001393
269,SA1_m08_v15_Ye50_spec_2020-09-17.dat,0.08,0.15,0.5,0.7605319729589112,0.0008404613359003221,0.0002801537786333297,484.4470650223617,25299,0.0005603075572668259
270,SA1_m08_v20_Ye05_spec_2020-07-10.dat,0.08,0.2,0.05,35.16307866842379,0.08479510914565225,0.07671938446510751,0.9207440041129923,24793,0.08075724680537988
271,SA1_m08_v20_Ye10_spec_2020-07-10.dat,0.08,0.2,0.1,38.993289980742276,0.08941146098144515,0.0864310789487277,0.9702277748518974,24793,0.08792126996508642
272,SA1_m08_v20_Ye15_spec_2020-07-10.dat,0.08,0.2,0.15,49.48233320807367,0.12456628014462723,0.11324207285875332,0.7913353198613091,24793,0.11890417650169027
273,SA1_m08_v20_Ye20_spec_2020-07-10.dat,0.08,0.2,0.2,9.268970955372863,0.012777130633322642,0.011712369747213458,6.420073726814379,24793,0.01224475019026805
274,SA1_m08_v20_Ye25_spec_2020-07-10.dat,0.08,0.2,0.25,0.294033221923693,0.00031676567500782404,0.00010558855833592284,194.57354451422393,24793,0.00021117711667187344
275,SA1_m08_v20_Ye30_spec_2020-07-10.dat,0.08,0.2,0.3,0.8605011809129142,0.0007930691291635483,0.0004956682057272177,133.18910015499472,24793,0.000644368667445383
276,SA1_m08_v20_Ye35_spec_2020-07-10.dat,0.08,0.2,0.35,0.8631772372954061,0.0009554056408683786,0.0006369370939122154,112.4939196372557,24793,0.000796171367390297
277,SA1_m08_v20_Ye40_spec_2020-07-10.dat,0.08,0.2,0.4,1.8062775666982867,0.002008510137940789,0.0006695033793135963,61.53694977848289,24793,0.0013390067586271925
278,SA1_m08_v20_Ye45_spec_2020-07-10.dat,0.08,0.2,0.45,0.016501139314343303,0.006501139314343303,9.058296383361586e-07,74.43086984821402,24793,0.0032510225719908194
279,SA1_m08_v20_Ye50_spec_2020-07-10.dat,0.08,0.2,0.5,0.9731331648360619,0.0007155521284071265,0.00035777606420361874,453.9171149694798,24793,0.0005366640963053726
280,SA1_m08_v30_Ye05_spec_2020-07-10.dat,0.08,0.3,0.05,43.1801053839148,0.1380625167805718,0.13313171260983836,1.1905537982041834,22263,0.13559711469520508
281,SA1_m08_v30_Ye10_spec_2020-07-10.dat,0.08,0.3,0.1,46.977325134500845,0.14598947905896864,0.13517544357311806,1.2695291724681872,22263,0.14058246131604335
282,SA1_m08_v30_Ye15_spec_2020-07-10.dat,0.08,0.3,0.15,50.63029778175687,0.16223548672918042,0.15064723767709864,1.2247498012086344,22263,0.15644136220313953
283,SA1_m08_v30_Ye20_spec_2020-07-10.dat,0.08,0.3,0.2,14.623418116761925,0.032486294442596986,0.021657529628399175,5.453279140101623,22263,0.02707191203549808
284,SA1_m08_v30_Ye25_spec_2020-07-10.dat,0.08,0.3,0.25,0.740689810200821,0.0007680659323119343,0.0005973846140203687,82.14406739910483,22263,0.0006827252731661515
285,SA1_m08_v30_Ye30_spec_2020-07-10.dat,0.08,0.3,0.3,1.4550409768709602,0.0016115698626812947,0.0010743799084542704,98.51517336787084,22263,0.0013429748855677826
286,SA1_m08_v30_Ye35_spec_2020-07-10.dat,0.08,0.3,0.35,2.4761795094934262,0.003660377750639654,0.0027452833129797405,60.34384713273828,22263,0.0032028305318096972
287,SA1_m08_v30_Ye40_spec_2020-07-10.dat,0.08,0.3,0.4,0.7701853355989288,0.0008503191673365773,0.0005668794448910885,72.5214011742124,22263,0.0007085993061138329
288,SA1_m08_v30_Ye45_spec_2020-07-10.dat,0.08,0.3,0.45,0.01,0.001159111222382974,3.864992405410578e-07,50.2384887662907,22263,0.0005797488608117575
289,SA1_m08_v30_Ye50_spec_2020-07-10.dat,0.08,0.3,0.5,0.7886990288683288,0.0008703789443386123,0.00029012631477964845,413.91181271083633,22263,0.0005802526295591304
290,SA1_m08_v40_Ye05_spec_2020-07-10.dat,0.08,0.4,0.05,64.90501969124921,0.3285115257816784,0.3285115257816784,1.591392000695882,18215,0.3285115257816784
291,SA1_m08_v40_Ye10_spec_2020-07-10.dat,0.08,0.4,0.1,62.93739446559585,0.3101354245374637,0.3101354245374637,1.6283929736909553,18215,0.3101354245374637
292,SA1_m08_v40_Ye15_spec_2020-07-10.dat,0.08,0.4,0.15,74.02472436291501,0.3644361462116734,0.3644361462116734,1.6862262453027272,18215,0.3644361462116734
293,SA1_m08_v40_Ye20_spec_2020-07-10.dat,0.08,0.4,0.2,37.668199722244495,0.1554714615890589,0.155471461589066,2.2189426762828504,18215,0.15547146158906244
294,SA1_m08_v40_Ye25_spec_2020-07-10.dat,0.08,0.4,0.25,10.555306256922501,0.01960094099799825,0.011760564598798595,41.526724584850214,18215,0.015680752798398423
295,SA1_m08_v40_Ye30_spec_2020-07-10.dat,0.08,0.4,0.3,2.510423874796838,0.004628700249531548,0.001851480099812619,112.79914712593815,18215,0.0032400901746720834
296,SA1_m08_v40_Ye35_spec_2020-07-10.dat,0.08,0.4,0.35,6.136822849108908,0.011396619883014658,0.004558647953206041,123.6404938813015,18215,0.00797763391811035
297,SA1_m08_v40_Ye40_spec_2020-07-10.dat,0.08,0.4,0.4,7.5962165981957535,0.007877882761289534,0.006127242147669243,91.55961641585222,18215,0.0070025624544793885
298,SA1_m08_v40_Ye45_spec_2020-07-10.dat,0.08,0.4,0.45,0.01,0.001159111222382974,3.864992405410578e-07,86.15462174088961,18215,0.0005797488608117575
299,SA1_m08_v40_Ye50_spec_2020-07-10.dat,0.08,0.4,0.5,0.5086321639209783,0.0005581703327472987,0.0001860567775825439,375.8716508533379,18215,0.0003721135551649213
300,SA2_m002_v30_Ye175_spec_2022-10-11.dat,0.002,0.3,0.175,129.56230299268188,0.22360911058842703,0.20870183654920993,2.78424315850619,22263,0.21615547356881848
301,SA2_m002_v30_Ye225_spec_2022-10-11.dat,0.002,0.3,0.225,69.5917942145479,0.11200979452515014,0.09600839530726546,5.706853535130004,22263,0.1040090949162078
302,SA2_m01_v25_Ye15_spec_2022-10-10.dat,0.01,0.25,0.15,75.2737196176217,0.13009309889343967,0.11274735237431344,3.0211797583999083,23781,0.12142022563387656
303,SA2_m01_v25_Ye175_spec_2022-10-10.dat,0.01,0.25,0.175,49.022185182622245,0.09083058781063613,0.054498352686387364,4.664445877326719,23781,0.07266447024851175
304,SA2_m01_v25_Ye20_spec_2022-10-10.dat,0.01,0.25,0.2,24.33901374660011,0.022426551425343888,0.014016594640843039,23.658915573820728,23781,0.018221573033093463
305,SA2_m01_v25_Ye225_spec_2022-10-10.dat,0.01,0.25,0.225,17.814247712403166,0.016429614041616247,0.012322210531216626,27.26584461262082,23781,0.014375912286416437
306,SA2_m01_v25_Ye25_spec_2022-10-10.dat,0.01,0.25,0.25,1.746224787241854,0.0025865546178649446,0.0006466386544663472,114.36639403245346,23781,0.0016165966361656459
307,SA2_m01_v25_Ye30_spec_2022-10-10.dat,0.01,0.25,0.3,3.450734881335268,0.005118237086404243,0.0012795592716012827,123.5711162866175,23781,0.0031988981790027626
308,SA2_m01_v25_Ye35_spec_2022-10-10.dat,0.01,0.25,0.35,3.898137798626632,0.004037562174101783,0.0031403261354125966,129.34396555551757,23781,0.00358894415475719
309,SA2_m01_v25_Ye40_spec_2022-10-10.dat,0.01,0.25,0.4,2.146076797110262,0.003203021144715379,0.002463862419011864,95.61503435264795,23781,0.0028334417818636215
310,SA2_m01_v30_Ye175_spec_2022-10-11.dat,0.01,0.3,0.175,61.021940308373026,0.11306882933352824,0.09045506346682686,4.0946156100361115,22263,0.10176194640017755
311,SA2_m01_v30_Ye225_spec_2022-10-11.dat,0.01,0.3,0.225,29.8110883824428,0.04426452043437479,0.022132260217187394,12.172023216891263,22263,0.03319839032578109
312,SA2_m01_v35_Ye15_spec_2022-10-11.dat,0.01,0.35,0.15,103.61342830423719,0.22493225438525144,0.2012551749762821,4.530451667325035,20745,0.21309371468076677
313,SA2_m01_v35_Ye175_spec_2022-10-11.dat,0.01,0.35,0.175,80.583796887438,0.17892034838070003,0.11928023225378581,4.81320973864971,20745,0.14910029031724292
314,SA2_m01_v35_Ye20_spec_2022-10-11.dat,0.01,0.35,0.2,48.16120507007535,0.08299636343490846,0.06639709074792677,7.427292167255818,20745,0.07469672709141761
315,SA2_m01_v35_Ye225_spec_2022-10-11.dat,0.01,0.35,0.225,55.071169526288195,0.10192737787168937,0.061156426723016466,7.663942425208728,20745,0.08154190229735292
316,SA2_m01_v35_Ye25_spec_2022-10-11.dat,0.01,0.35,0.25,25.568197921501337,0.028577932823147023,0.009525977607715674,81.3644792004903,20745,0.01905195521543135
317,SA2_m01_v35_Ye30_spec_2022-10-11.dat,0.01,0.35,0.3,7.031128838330396,0.007853611675984418,0.0026178705586614726,122.6488952824945,20745,0.005235741117322945
318,SA2_m01_v35_Ye35_spec_2022-10-11.dat,0.01,0.35,0.35,12.384795559300683,0.01382143956735149,0.0046071465224493124,125.45065999266713,20745,0.009214293044900401
319,SA2_m01_v35_Ye40_spec_2022-10-11.dat,0.01,0.35,0.4,32.87630974200565,0.04539247735511509,0.03404435801633099,19.98543624729078,20745,0.03971841768572304
320,SA2_m01_v40_Ye175_spec_2022-10-11.dat,0.01,0.4,0.175,108.21644828745477,0.26033793145704465,0.2479408871019615,5.687977651057153,18215,0.25413940927950307
321,SA2_m01_v40_Ye225_spec_2022-10-11.dat,0.01,0.4,0.225,77.9127172192385,0.13466950815410428,0.1256915409438335,9.479883217213072,18215,0.1301805245489689
322,SA2_m02_v20_Ye15_spec_2022-10-06.dat,0.02,0.2,0.15,73.18748044544401,0.1359670762643077,0.08158024575857326,2.2964325215389563,24793,0.10877366101144048
323,SA2_m02_v20_Ye175_spec_2022-10-11.dat,0.02,0.2,0.175,34.654780469905226,0.06427603055640674,0.025710412222565537,4.353674913194592,24793,0.04499322138948614
324,SA2_m02_v20_Ye20_spec_2022-10-06.dat,0.02,0.2,0.2,15.143409847359498,0.01681489983040052,0.0056049666101323226,28.132169777770876,24793,0.011209933220266421
325,SA2_m02_v20_Ye225_spec_2022-10-11.dat,0.02,0.2,0.225,8.671061872448034,0.009666363696929636,0.006444242464619165,23.483484950995223,24793,0.0080553030807744
326,SA2_m02_v20_Ye25_spec_2022-10-06.dat,0.02,0.2,0.25,0.6406721378046555,0.0004702998790488966,0.00023514993952455931,333.9507941160433,24793,0.00035272490928672795
327,SA2_m02_v20_Ye30_spec_2022-10-06.dat,0.02,0.2,0.3,1.7236712563307215,0.0012783821382549299,0.0006391910691274649,270.3921619285416,24793,0.0009587866036911974
328,SA2_m02_v20_Ye35_spec_2022-10-06.dat,0.02,0.2,0.35,1.797505062303239,0.0019853814094443756,0.0006617938031483472,227.37672661259444,24793,0.0013235876062963614
329,SA2_m02_v20_Ye40_spec_2022-10-06.dat,0.02,0.2,0.4,4.092590146083498,0.004564953573704678,0.0015216511912354846,86.00519763385923,24793,0.003043302382470081
330,SA2_m02_v25_Ye15_spec_2022-10-10.dat,0.02,0.25,0.15,56.7973986070128,0.10551356114272181,0.08441084891418171,3.204816723593632,23781,0.09496220502845176
331,SA2_m02_v25_Ye175_spec_2022-10-10.dat,0.02,0.25,0.175,37.67619607189505,0.0519233595987032,0.04326946633224793,4.9628086423080315,23781,0.047596412965475565
332,SA2_m02_v25_Ye20_spec_2022-10-10.dat,0.02,0.25,0.2,19.60778877712028,0.021921463956513065,0.007307154652167469,22.784280068201166,23781,0.014614309304340267
333,SA2_m02_v25_Ye225_spec_2022-10-10.dat,0.02,0.25,0.225,14.095129862880569,0.015690824206700427,0.0052302747355650325,23.715212833057976,23781,0.01046054947113273
334,SA2_m02_v25_Ye25_spec_2022-10-10.dat,0.02,0.25,0.25,1.1976687579153182,0.0013230621142763521,0.00044102070475871,144.01147861776468,23781,0.0008820414095175311
335,SA2_m02_v25_Ye30_spec_2022-10-10.dat,0.02,0.25,0.3,2.4197821058253126,0.0026825032717905373,0.0008941677572638085,160.6891214383793,23781,0.0017883355145271729
336,SA2_m02_v25_Ye35_spec_2022-10-10.dat,0.02,0.25,0.35,2.5862410005033882,0.0038336919650348023,0.0009584229912587006,173.53207019962971,23781,0.0023960574781467514
337,SA2_m02_v25_Ye40_spec_2022-10-10.dat,0.02,0.25,0.4,0.9947008441346856,0.0014647837026919852,0.0007323918513459926,110.8160969633863,23781,0.001098587777018989
338,SA2_m02_v30_Ye15_spec_2022-10-06.dat,0.02,0.3,0.15,85.91987982212478,0.18705600548886991,0.16736589964796167,2.7030813276438854,22263,0.1772109525684158
339,SA2_m02_v30_Ye175_spec_2022-10-11.dat,0.02,0.3,0.175,44.505131343535695,0.08166815649718728,0.06635537715396111,4.471290476441398,22263,0.0740117668255742
340,SA2_m02_v30_Ye20_spec_2022-10-06.dat,0.02,0.3,0.2,22.765239249514252,0.028776314052468166,0.020928228401796645,13.46728031895433,22263,0.024852271227132405
341,SA2_m02_v30_Ye225_spec_2022-10-11.dat,0.02,0.3,0.225,22.895522112754882,0.03395478058272161,0.01697739029135903,13.959427746677143,22263,0.02546608543704032
342,SA2_m02_v30_Ye25_spec_2022-10-06.dat,0.02,0.3,0.25,2.9117009936609226,0.0032276985468979724,0.0010758995156323614,101.9732078634546,22263,0.002151799031265167
343,SA2_m02_v30_Ye30_spec_2022-10-06.dat,0.02,0.3,0.3,2.6991685415524587,0.0030113869446277697,0.0010037956482089605,186.12888117939744,22263,0.002007591296418365
344,SA2_m02_v30_Ye35_spec_2022-10-06.dat,0.02,0.3,0.35,6.164174736828144,0.009117295906412082,0.004558647953206041,101.47544127108435,22263,0.006837971929809061
345,SA2_m02_v30_Ye40_spec_2022-10-06.dat,0.02,0.3,0.4,2.025278256981246,0.002255067053690496,0.000751689017896684,81.9773219234151,22263,0.00150337803579359
346,SA2_m03_v20_Ye175_spec_2022-10-11.dat,0.03,0.2,0.175,30.562778329711364,0.05662116072963386,0.022648464291854964,4.072516846838608,24793,0.03963481251074441
347,SA2_m03_v20_Ye225_spec_2022-10-11.dat,0.03,0.2,0.225,7.414874350325848,0.010966122695780456,0.002741530673945114,21.97903415727778,24793,0.006853826684862785
348,SA2_m03_v25_Ye15_spec_2022-10-10.dat,0.03,0.25,0.15,48.8201970631947,0.07836115802447807,0.06716670687811899,3.1051644834966465,23781,0.07276393245129853
349,SA2_m03_v25_Ye175_spec_2022-10-10.dat,0.03,0.25,0.175,32.67798841546632,0.06067605574938284,0.024270422299750294,4.84574227654913,23781,0.04247323902456657
350,SA2_m03_v25_Ye20_spec_2022-10-10.dat,0.03,0.25,0.2,17.279792955136095,0.019310241843239595,0.006436747281078681,20.75596234852296,23781,0.012873494562159138
351,SA2_m03_v25_Ye225_spec_2022-10-10.dat,0.03,0.25,0.225,12.384795559300683,0.01382143956735149,0.009214293044898625,21.022956472335906,23781,0.011517866306125057
352,SA2_m03_v25_Ye25_spec_2022-10-10.dat,0.03,0.25,0.25,1.011979298480802,0.00081543466164824,0.0005824533297487111,161.14864959340844,23781,0.0006989439956984755
353,SA2_m03_v25_Ye30_spec_2022-10-10.dat,0.03,0.25,0.3,2.026029945999143,0.002255067053690496,0.000751689017896684,185.66043979193572,23781,0.00150337803579359
354,SA2_m03_v25_Ye35_spec_2022-10-10.dat,0.03,0.25,0.35,2.142954844070667,0.002389419168114859,0.0007964730560385824,197.04768334095507,23781,0.0015929461120767208
355,SA2_m03_v25_Ye40_spec_2022-10-10.dat,0.03,0.25,0.4,0.7586588062692576,0.0007859746017854219,0.0006113135791664392,124.6946869474697,23781,0.0006986440904759306
356,SA2_m03_v30_Ye175_spec_2022-10-11.dat,0.03,0.3,0.175,37.431340698491354,0.06870331255899487,0.055821441454178,4.604063220087028,22263,0.062262377006586433
357,SA2_m03_v30_Ye225_spec_2022-10-11.dat,0.03,0.3,0.225,19.982890432305158,0.036959456758523856,0.014783782703407411,14.447536287010474,22263,0.025871619730965634
358,SA2_m05_v20_Ye175_spec_2022-10-11.dat,0.05,0.2,0.175,26.261817928368853,0.03899267423448549,0.029244505675865895,3.6306058264557977,24793,0.03411858995517569
359,SA2_m05_v20_Ye225_spec_2022-10-11.dat,0.05,0.2,0.225,6.1024221060273245,0.006328698673837785,0.005625509932299266,20.79296928018739,24793,0.005977104303068526
360,SA2_m05_v25_Ye15_spec_2022-10-10.dat,0.05,0.25,0.15,41.16364959613848,0.07640855847779449,0.061126846782229904,2.901630348290886,23781,0.0687677026300122
361,SA2_m05_v25_Ye175_spec_2022-10-10.dat,0.05,0.25,0.175,27.921857508134913,0.040539687105745514,0.034138683878524034,4.515282084390389,23781,0.037339185492134774
362,SA2_m05_v25_Ye20_spec_2022-10-10.dat,0.05,0.25,0.2,14.897874406066823,0.01662211507934508,0.011081410052895535,17.72540016166327,23781,0.013851762566120307
363,SA2_m05_v25_Ye225_spec_2022-10-10.dat,0.05,0.25,0.225,10.551386068722902,0.01568075279839931,0.00784037639919788,17.2589143880262,23781,0.011760564598798595
364,SA2_m05_v25_Ye25_spec_2022-10-10.dat,0.05,0.25,0.25,0.8454006118142654,0.0006222723365468807,0.0003111361682734959,182.9845308481599,23781,0.0004667042524101883
365,SA2_m05_v25_Ye30_spec_2022-10-10.dat,0.05,0.25,0.3,1.642403695218638,0.001830733116133132,0.0006102443720443773,223.02952368939515,23781,0.0012204887440887546
366,SA2_m05_v25_Ye35_spec_2022-10-10.dat,0.05,0.25,0.35,1.737427342785367,0.0014016010148507618,0.001201372298443637,218.01648285665536,23781,0.0013014866566471994
367,SA2_m05_v25_Ye40_spec_2022-10-10.dat,0.05,0.25,0.4,0.5008599664925596,0.0004037233448621613,0.0003460485813103764,131.73313330516126,23781,0.00037488596308626887
368,SA2_m05_v30_Ye175_spec_2022-10-11.dat,0.05,0.3,0.175,30.596751026149146,0.05662116072963386,0.04529692858370993,4.741149893713468,22263,0.05095904465667189
369,SA2_m05_v30_Ye225_spec_2022-10-11.dat,0.05,0.3,0.225,16.93012170139618,0.025160032269734955,0.012580016134865701,14.318694105252717,22263,0.01887002420230033
370,SA2_m065_v20_Ye15_spec_2022-10-06.dat,0.065,0.2,0.15,51.833645800003886,0.09621917155588733,0.07697533724471839,1.8203155143935852,24793,0.08659725440030286
371,SA2_m065_v20_Ye175_spec_2022-10-11.dat,0.065,0.2,0.175,24.428719952301492,0.03363982713801761,0.030836508209851843,3.3056278494674727,24793,0.032238167673934726
372,SA2_m065_v20_Ye20_spec_2022-10-06.dat,0.065,0.2,0.2,9.879437126308982,0.014632227021955657,0.0036580567554889143,15.01991598187031,24793,0.009145141888722286
373,SA2_m065_v20_Ye225_spec_2022-10-11.dat,0.065,0.2,0.225,5.586032895306679,0.008313131413054897,0.0020782828532643904,20.380847455014315,24793,0.005195707133159644
374,SA2_m065_v20_Ye25_spec_2022-10-06.dat,0.065,0.2,0.25,0.4773224506968485,0.0005202105202562479,0.00017340350675204563,415.9216660775226,24793,0.0003468070135041468
375,SA2_m065_v20_Ye30_spec_2022-10-06.dat,0.065,0.2,0.3,1.1518925843035115,0.001277761190940252,0.000425920396980084,324.37745449523334,24793,0.000851840793960168
376,SA2_m065_v20_Ye35_spec_2022-10-06.dat,0.065,0.2,0.35,1.2593001253243938,0.0014021325761217618,0.0004673775253738466,268.5690083036862,24793,0.0009347550507478042
377,SA2_m065_v20_Ye40_spec_2022-10-06.dat,0.065,0.2,0.4,2.1509195746310508,0.002389419168114859,0.0007964730560381383,117.6771967714618,24793,0.0015929461120764987
378,SA2_m065_v25_Ye15_spec_2022-10-10.dat,0.065,0.25,0.15,37.94774241589948,0.06515593159220145,0.05646847404657507,2.7211427928874605,23781,0.06081220281938826
379,SA2_m065_v25_Ye175_spec_2022-10-10.dat,0.065,0.25,0.175,25.87176450507386,0.03860476265696988,0.032665568402048706,4.282197005905246,23781,0.035635165529509294
380,SA2_m065_v25_Ye20_spec_2022-10-10.dat,0.065,0.25,0.2,13.819990534782756,0.02044410145785669,0.005111025364465505,16.08429985891879,23781,0.012777563411161097
381,SA2_m065_v25_Ye225_spec_2022-10-10.dat,0.065,0.25,0.225,9.726469955973537,0.014464413778897622,0.007232206889447923,15.430388306734496,23781,0.010848310334172773
382,SA2_m065_v25_Ye25_spec_2022-10-10.dat,0.065,0.25,0.25,0.7819680257710891,0.0008602912620033765,0.0002867637540011625,190.41940536167542,23781,0.0005735275080022695
383,SA2_m065_v25_Ye30_spec_2022-10-10.dat,0.065,0.25,0.3,1.4872941502970283,0.001649379401150286,0.000549793133716836,241.50390723254316,23781,0.001099586267433561
384,SA2_m065_v25_Ye35_spec_2022-10-10.dat,0.065,0.25,0.35,1.5883955723316319,0.001768180252798679,0.0005893934175995597,223.9487729270618,23781,0.0011787868351991193
385,SA2_m065_v25_Ye40_spec_2022-10-10.dat,0.065,0.25,0.4,0.4499982157170392,0.0004905219796176308,0.00016350732653924727,137.79017641952575,23781,0.000327014653078439
386,SA2_m08_v20_Ye175_spec_2022-10-11.dat,0.08,0.2,0.175,23.12654645920531,0.042935636068360594,0.025761381641014935,3.0435460541973534,24793,0.034348508854687765
387,SA2_m08_v20_Ye225_spec_2022-10-11.dat,0.08,0.2,0.225,5.18385150136905,0.007667805115033843,0.0038339025575169217,20.234888380558406,24793,0.0057508538362753825
388,SA2_m08_v25_Ye15_spec_2022-10-10.dat,0.08,0.25,0.15,35.927059313889444,0.06653771640216632,0.05323017312173306,2.5867207087096498,23781,0.05988394476194969
389,SA2_m08_v25_Ye175_spec_2022-10-10.dat,0.08,0.25,0.175,24.347423703384614,0.036443146066183374,0.03363982713802116,4.140861457736154,23781,0.03504148660210227
390,SA2_m08_v25_Ye20_spec_2022-10-10.dat,0.08,0.25,0.2,12.969021586206042,0.01929861740313754,0.009649308701566994,14.68168416981631,23781,0.014473963052352268
391,SA2_m08_v25_Ye225_spec_2022-10-10.dat,0.08,0.25,0.225,9.096957510071187,0.013497151890190295,0.006748575945096036,14.026379976942062,23781,0.010122863917643166
392,SA2_m08_v25_Ye25_spec_2022-10-10.dat,0.08,0.25,0.25,0.7371581212585496,0.0008115604031903034,0.0002705201343967678,194.235381067876,23781,0.0005410402687935356
393,SA2_m08_v25_Ye30_spec_2022-10-10.dat,0.08,0.25,0.3,1.3786950427485467,0.0015207722697205828,0.0005069240899067129,254.31521265556728,23781,0.0010138481798136478
394,SA2_m08_v25_Ye35_spec_2022-10-10.dat,0.08,0.25,0.35,1.4823460120935772,0.001649379401150508,0.000549793133716836,228.9316018069591,23781,0.001099586267433672
395,SA2_m08_v25_Ye40_spec_2022-10-10.dat,0.08,0.25,0.4,0.41832638035295067,0.00045708176905179254,0.00015236058968393085,140.57736673343388,23781,0.0003047211793678617
