,sim,m_ej,v_ej,Y_e,kappa,negative_sigma_kappa,positive_sigma_kappa,chi_sq_dof,dof,chi_sq_weighted_dof,weighted_dof,sigma_kappa,thresholded_sigma_kappa_01,thresholded_sigma_kappa_02
0,SA1_m002_v15_Ye15_spec_2020-09-17.dat,0.002,0.15,0.15,277.5543928965771,0.36021434994313495,0.35097808455998347,0.24440604860275977,256035,13.258570080349076,4719.702220886859,0.3555962172515592,27.755439289657712,55.510878579315424
1,SA1_m002_v15_Ye20_spec_2020-09-17.dat,0.002,0.15,0.2,97.14013318726474,0.12924660560116763,0.12278427532110925,0.6355021612419842,256035,69.39163579513001,2344.81856479035,0.12601544046113844,9.714013318726474,19.428026637452948
2,SA1_m002_v15_Ye25_spec_2020-09-17.dat,0.002,0.15,0.25,64.98548586882909,0.23145367356127622,0.22929055511677632,12.335889732477051,256035,1474.289525394225,2142.333288849896,0.23037211433902627,6.498548586882909,12.997097173765818
3,SA1_m002_v15_Ye30_spec_2020-09-17.dat,0.002,0.15,0.3,18.871688785112614,0.028349585062176885,0.027719594283016846,10.449262189079702,256035,1144.9179310878067,2336.741151428294,0.028034589672596866,1.8871688785112615,3.774337757022523
4,SA1_m002_v15_Ye35_spec_2020-09-17.dat,0.002,0.15,0.35,17.1637218530781,0.029816544552424773,0.029816544552428326,9.489682780468144,256035,1174.689052153716,2068.369434653776,0.02981654455242655,1.7163721853078102,3.4327443706156204
5,SA1_m002_v15_Ye40_spec_2020-09-17.dat,0.002,0.15,0.4,27.18016090135821,0.09677966145140005,0.0967796614514036,4.281479951983609,256035,929.3813614459841,1179.503662307774,0.09677966145140182,2.718016090135821,5.436032180271642
6,SA1_m002_v20_Ye15_spec_2020-07-01.dat,0.002,0.2,0.15,584.2546040745119,1.4051384214902782,1.4051384214902782,0.07578354180310445,256035,9.227763060593697,2102.7023557223283,1.4051384214902782,58.4254604074512,116.8509208149024
7,SA1_m002_v20_Ye20_spec_2020-07-01.dat,0.002,0.2,0.2,116.74373316525877,0.09751234791036723,0.0897113600775441,1.3787086104672832,256035,77.89863873175781,4531.499713320155,0.09361185399395566,11.674373316525879,23.348746633051757
8,SA1_m002_v20_Ye25_spec_2020-07-01.dat,0.002,0.2,0.25,196.36095143012648,0.7877746122266558,0.7877746122266558,10.482788192116534,256035,1314.4676724202388,2041.861303311298,0.7877746122266558,19.63609514301265,39.2721902860253
9,SA1_m002_v20_Ye30_spec_2020-07-01.dat,0.002,0.2,0.3,26.45779589804401,0.018529413011588503,0.017647060011032778,6.318457894670767,256035,589.8751190881135,2742.5234845689033,0.01808823651131064,2.6457795898044014,5.291559179608803
10,SA1_m002_v20_Ye35_spec_2020-07-01.dat,0.002,0.2,0.35,32.37130082694351,0.03027022302517679,0.029189143631420222,3.808075666105709,256035,495.80901984095516,1966.484299709058,0.029729683328298506,3.2371300826943514,6.474260165388703
11,SA1_m002_v20_Ye40_spec_2020-07-01.dat,0.002,0.2,0.4,58.447338038217794,0.035088871331211635,0.031190107849958792,5.0192884410715495,256035,545.7131953377796,2354.9247608247933,0.033139489590585214,5.8447338038217795,11.689467607643559
12,SA1_m002_v30_Ye15_spec_2020-07-01.dat,0.002,0.3,0.15,691.8815829539934,1.7784080879761177,1.7553118790414146,0.09283253483347466,256035,12.182365340937087,1951.0478787086172,1.7668599835087662,69.18815829539935,138.3763165907987
13,SA1_m002_v30_Ye20_spec_2020-07-01.dat,0.002,0.3,0.2,247.72915368449182,0.4450446395848928,0.436803072185171,0.18822391254746346,256035,29.53543577398257,1631.6640735513208,0.4409238558850319,24.772915368449183,49.54583073689837
14,SA1_m002_v30_Ye25_spec_2020-07-01.dat,0.002,0.3,0.25,64.36226249006876,0.05881590928983371,0.023526363715930643,2.998630058724584,256035,366.7861783516496,2093.1929620027245,0.04117113650288218,6.436226249006876,12.872452498013752
15,SA1_m002_v30_Ye30_spec_2020-07-01.dat,0.002,0.3,0.3,32.88454666496215,0.0241398764286771,0.021945342207885687,6.873961780651392,256035,738.5919122236096,2382.878522471885,0.023042609318281393,3.2884546664962153,6.576909332992431
16,SA1_m002_v30_Ye35_spec_2020-07-01.dat,0.002,0.3,0.35,66.47787460453199,0.04213003844118646,0.037695297552645,8.733197055943371,256035,745.2667419260117,3000.273569755574,0.03991266799691573,6.647787460453199,13.295574920906398
17,SA1_m002_v30_Ye40_spec_2020-07-01.dat,0.002,0.3,0.4,81.11259207902151,0.12165064052244645,0.1135405978209576,2.0940014942136056,256035,286.17278676532663,1873.475387478528,0.11759561917170203,8.111259207902151,16.222518415804302
18,SA1_m002_v40_Ye15_spec_2020-07-01.dat,0.002,0.4,0.15,1012.1726688634197,3.720539124658785,3.8220083735130856,0.12280221583370973,256035,24.612609727163395,1277.4616621123146,3.7712737490859354,101.21726688634197,202.43453377268395
19,SA1_m002_v40_Ye20_spec_2020-07-01.dat,0.002,0.4,0.2,618.4411780775004,1.4838384065042192,1.4632295397470898,0.1624224572676051,256035,28.397337489555877,1464.4272147628603,1.4735339731256545,61.84411780775004,123.68823561550008
20,SA1_m002_v40_Ye25_spec_2020-07-01.dat,0.002,0.4,0.25,368.63047101056145,0.4924347133909919,0.4801238455561361,1.0855833908716883,256035,236.91334075532745,1173.2025836775615,0.486279279473564,36.86304710105615,73.7260942021123
21,SA1_m002_v40_Ye30_spec_2020-07-01.dat,0.002,0.4,0.3,65.69729103965105,0.06147423092588156,0.05927872267851342,3.2121600631174174,256035,514.868964472349,1597.3489538316041,0.06037647680219749,6.569729103965106,13.139458207930211
22,SA1_m002_v40_Ye35_spec_2020-07-01.dat,0.002,0.4,0.35,179.47074398995096,0.19709261557323998,0.18514760856882617,3.6945553980007277,256035,699.6540927944191,1352.0045134718632,0.19112011207103308,17.947074398995095,35.89414879799019
23,SA1_m002_v40_Ye40_spec_2020-07-01.dat,0.002,0.4,0.4,372.26387967317635,0.39787058163830125,0.3854371259620848,1.0542711320174802,256035,317.07816659378057,851.3052544293039,0.391653853800193,37.226387967317635,74.45277593463527
24,SA1_m01_v15_Ye15_spec_2020-09-17.dat,0.01,0.15,0.15,162.4107775079944,0.2325910786779275,0.22177288897196945,0.2077239181071807,256035,8.405595475881892,6327.2844291845995,0.22718198382494847,16.24107775079944,32.48215550159888
25,SA1_m01_v15_Ye20_spec_2020-09-17.dat,0.01,0.15,0.2,42.26581240495218,0.06747348450777935,0.06747348450777935,0.6720081839070702,256035,75.19244569911541,2288.2300710784148,0.06747348450777935,4.226581240495218,8.453162480990436
26,SA1_m01_v15_Ye25_spec_2020-09-17.dat,0.01,0.15,0.25,2.8679461303150453,0.0030483988219325298,0.001524199410966709,14.826305755359781,256035,947.39277970503,4006.8420146240082,0.0022862991164496194,0.28679461303150455,0.5735892260630091
27,SA1_m01_v15_Ye30_spec_2020-09-17.dat,0.01,0.15,0.3,4.675675349949047,0.0032719366316973364,0.0031161301254263307,15.815528440917006,256035,883.5835909721822,4582.847469943193,0.0031940333785618336,0.46756753499490467,0.9351350699898093
28,SA1_m01_v15_Ye35_spec_2020-09-17.dat,0.01,0.15,0.35,3.6181306615061404,0.003228235145445346,0.0019369410872669413,13.102676608616067,256035,827.6772694999341,4053.202774934103,0.0025825881163561437,0.36181306615061404,0.7236261323012281
29,SA1_m01_v15_Ye40_spec_2020-09-17.dat,0.01,0.15,0.4,3.4886258941529706,0.003838448095592195,0.0036058148776776378,6.225569088488223,256035,728.635311020207,2187.6013383695004,0.0037221314866349164,0.3488625894152971,0.6977251788305942
30,SA1_m01_v20_Ye15_spec_2020-07-01.dat,0.01,0.2,0.15,296.2511803648546,0.5939774046178172,0.5840777812075544,0.10525484316356004,256035,6.897170737471755,3907.243244388722,0.5890275929126858,29.62511803648546,59.25023607297092
31,SA1_m01_v20_Ye20_spec_2020-07-01.dat,0.01,0.2,0.2,64.5373363393624,0.05811556626686354,0.05381070950636513,1.3997787568057214,256035,56.385935975695766,6356.059322190414,0.055963137886614334,6.45373363393624,12.90746726787248
32,SA1_m01_v20_Ye25_spec_2020-07-01.dat,0.01,0.2,0.25,4.099346870234405,0.004109277624493757,0.0038353257828607212,12.823570065731504,256035,1151.4098738817772,2851.532574330418,0.003972301703677239,0.40993468702344055,0.8198693740468811
33,SA1_m01_v20_Ye30_spec_2020-07-01.dat,0.01,0.2,0.3,9.336172640739013,0.007793782987510767,0.007170280348509195,8.177993968346811,256035,700.0530529054224,2990.9914355713217,0.007482031668009981,0.9336172640739013,1.8672345281478027
34,SA1_m01_v20_Ye35_spec_2020-07-01.dat,0.01,0.2,0.35,9.814942517822304,0.009172384243079534,0.008517213940002932,7.238782032887407,256035,709.0242356019035,2613.9890073249167,0.008844799091541233,0.9814942517822305,1.962988503564461
35,SA1_m01_v20_Ye40_spec_2020-07-01.dat,0.01,0.2,0.4,23.14055660193972,0.01929698344029873,0.018525104102689482,3.8812995834164994,256035,599.8551544078024,1656.64749487917,0.018911043771494107,2.314055660193972,4.628111320387944
36,SA1_m01_v30_Ye15_spec_2020-07-01.dat,0.01,0.3,0.15,357.2666800327694,0.9513000516774355,0.9513000516773786,0.11496542458626555,256035,11.756776529956069,2503.6771268845823,0.951300051677407,35.72666800327694,71.45333600655388
37,SA1_m01_v30_Ye20_spec_2020-07-01.dat,0.01,0.3,0.2,101.58294316734208,0.1621678314469932,0.158789334958513,0.40951445211159754,256035,42.96407014078875,2440.4120094490654,0.1604785832027531,10.158294316734208,20.316588633468417
38,SA1_m01_v30_Ye25_spec_2020-07-01.dat,0.01,0.3,0.25,19.76248161887942,0.01976149354420187,0.019102777092729895,3.273320533600387,256035,521.4593732252795,1607.1906381445137,0.019432135318465882,1.9762481618879422,3.9524963237758843
39,SA1_m01_v30_Ye30_spec_2020-07-01.dat,0.01,0.3,0.3,14.285683899375906,0.0081151028783637,0.0076377438855210755,12.3154798829182,256035,712.727296182454,4424.12393732113,0.007876423381942388,1.4285683899375907,2.8571367798751814
40,SA1_m01_v30_Ye35_spec_2020-07-01.dat,0.01,0.3,0.35,29.096398441702526,0.022297205063026126,0.021327761364634767,6.051775418738147,256035,563.406621086379,2750.174139503171,0.021812483213830447,2.9096398441702527,5.819279688340505
41,SA1_m01_v30_Ye40_spec_2020-07-01.dat,0.01,0.3,0.4,22.25395846866597,0.029675406755675482,0.028933521586782973,2.6854476000362726,256035,496.5523480032758,1384.6849763979992,0.029304464171229228,2.225395846866597,4.450791693733194
42,SA1_m01_v40_Ye15_spec_2020-07-01.dat,0.01,0.4,0.15,463.97188015450433,1.685343162104175,1.7317287537217112,0.17156388943386913,256035,20.66305806322926,2125.840245755753,1.708535957912943,46.39718801545044,92.79437603090088
43,SA1_m01_v40_Ye20_spec_2020-07-01.dat,0.01,0.4,0.2,274.1959676064113,0.7499064235379365,0.7499064235379365,0.21724475191484166,256035,27.206285112839186,2044.4636166172954,0.7499064235379365,27.419596760641127,54.839193521282255
44,SA1_m01_v40_Ye25_spec_2020-07-01.dat,0.01,0.4,0.25,112.87000234959568,0.14316671693458716,0.14316671693457295,2.367151339357023,256035,376.55239827516976,1609.5332175507233,0.14316671693458005,11.287000234959569,22.574000469919138
45,SA1_m01_v40_Ye30_spec_2020-07-01.dat,0.01,0.4,0.3,28.357076137323638,0.0312089083537046,0.029317459362573572,5.7010997834268515,256035,778.5984785714138,1874.7546048740583,0.030263183858139087,2.835707613732364,5.671415227464728
46,SA1_m01_v40_Ye35_spec_2020-07-01.dat,0.01,0.4,0.35,70.19887278929453,0.09366249976056906,0.09132093726654489,5.589403888467877,256035,902.02926564371,1586.5150711741235,0.09249171851355698,7.019887278929453,14.039774557858905
47,SA1_m01_v40_Ye40_spec_2020-07-01.dat,0.01,0.4,0.4,116.93485736716312,0.12091531140887923,0.11311432357602769,2.986704015924748,256035,739.0992540670218,1034.6387964936973,0.11701481749245346,11.693485736716312,23.386971473432624
48,SA1_m03_v15_Ye15_spec_2020-09-17.dat,0.03,0.15,0.15,117.46465764004284,0.2116727516580994,0.20775288588664864,0.13256044856024116,256035,5.4569186434797645,6219.648241902032,0.20971281877237402,11.746465764004284,23.49293152800857
49,SA1_m03_v15_Ye20_spec_2020-09-17.dat,0.03,0.15,0.2,25.041991081964355,0.04094217857613813,0.039271069246506585,0.8164836704410658,256035,73.96893950011658,2826.1645762955523,0.04010662391132236,2.5041991081964357,5.008398216392871
50,SA1_m03_v15_Ye25_spec_2020-09-17.dat,0.03,0.15,0.25,1.8775421459456387,0.0011271076265078062,0.001064490536146101,17.553157085089204,256035,791.259455809527,5679.834270900225,0.0010957990813269536,0.18775421459456387,0.37550842918912775
51,SA1_m03_v15_Ye30_spec_2020-09-17.dat,0.03,0.15,0.3,2.9449653336576938,0.0017691316436940774,0.0015725614610619942,18.484062865151483,256035,774.2618228730165,6112.36005169175,0.0016708465523780358,0.29449653336576936,0.5889930667315387
52,SA1_m03_v15_Ye35_spec_2020-09-17.dat,0.03,0.15,0.35,2.3051833287586843,0.0020264504031968222,0.0008105801612785513,15.348044856360179,256035,699.5722536989427,5617.199144220601,0.0014185152822376867,0.23051833287586843,0.46103666575173685
53,SA1_m03_v15_Ye40_spec_2020-09-17.dat,0.03,0.15,0.4,2.1726937925514034,0.0019518785006864547,0.0017350031117215892,7.237909602787636,256035,543.5537390054607,3409.3375726574022,0.001843440806204022,0.21726937925514034,0.4345387585102807
54,SA1_m03_v20_Ye15_spec_2020-07-10.dat,0.03,0.2,0.15,201.19850701380955,0.4149871899018933,0.4082938481292899,0.09748872036465009,256035,4.8976738887593445,5096.403943073897,0.4116405190155916,20.119850701380955,40.23970140276191
55,SA1_m03_v20_Ye20_spec_2020-07-10.dat,0.03,0.2,0.2,43.774238495943706,0.0468009432475327,0.04533841377104153,0.9290305710929311,256035,35.58700196221332,6684.02307455811,0.046069678509287115,4.377423849594371,8.754847699188742
56,SA1_m03_v20_Ye25_spec_2020-07-10.dat,0.03,0.2,0.25,2.005350907866681,0.0014025402339838955,0.0010519051754873665,15.97648217783406,256035,902.8650645844355,4530.620105767974,0.001227222704735631,0.2005350907866681,0.4010701815733362
57,SA1_m03_v20_Ye30_spec_2020-07-10.dat,0.03,0.2,0.3,5.25092914079953,0.003860525710481788,0.003509568827710474,11.617686195148028,256035,660.5595286130051,4503.052573051874,0.003685047269096131,0.5250929140799531,1.0501858281599061
58,SA1_m03_v20_Ye35_spec_2020-07-10.dat,0.03,0.2,0.35,5.460626053408606,0.0049125971897074905,0.0039300777517654595,9.881235782123612,256035,611.8064270278647,4135.20043548152,0.004421337470736475,0.5460626053408606,1.0921252106817212
59,SA1_m03_v20_Ye40_spec_2020-07-10.dat,0.03,0.2,0.4,11.692774881683972,0.009740245307368056,0.008961025682779677,5.257564528326912,256035,642.3874092905471,2095.4964473803075,0.009350635495073867,1.1692774881683972,2.3385549763367943
60,SA1_m03_v30_Ye15_spec_2020-07-10.dat,0.03,0.3,0.15,228.6448304536759,0.6547610149015384,0.6471475147282888,0.11417631480698587,256035,9.995245007219582,2924.7039707872577,0.6509542648149136,22.864483045367592,45.728966090735184
61,SA1_m03_v30_Ye20_spec_2020-07-10.dat,0.03,0.3,0.2,63.610680694646135,0.09543033559230452,0.09330966146803377,0.5263330731022688,256035,34.21052818308852,3939.1291373968297,0.09436999853016914,6.361068069464614,12.722136138929228
62,SA1_m03_v30_Ye25_spec_2020-07-10.dat,0.03,0.3,0.25,6.950946818346294,0.007410761404890387,0.007179175110987757,4.802346895321179,256035,815.3838301809352,1507.9632951155218,0.007294968257939072,0.6950946818346294,1.3901893636692588
63,SA1_m03_v30_Ye30_spec_2020-07-10.dat,0.03,0.3,0.3,8.619216675291295,0.006047865752748294,0.005759872145475242,9.724735858256595,256035,652.964537488034,3813.182190639803,0.005903868949111768,0.8619216675291295,1.723843335058259
64,SA1_m03_v30_Ye35_spec_2020-07-10.dat,0.03,0.3,0.35,15.714601798640647,0.018356647908298385,0.017832172253777756,4.343227284512387,256035,566.1833562908052,1964.060203173775,0.01809441008103807,1.5714601798640648,3.1429203597281297
65,SA1_m03_v30_Ye40_spec_2020-07-10.dat,0.03,0.3,0.4,7.075657327132042,0.006614198846868646,0.0061417560720933295,4.815706064288869,256035,915.2738988857999,1347.1260391792757,0.006377977459480988,0.7075657327132042,1.4151314654264084
66,SA1_m03_v40_Ye15_spec_2020-07-10.dat,0.03,0.4,0.15,305.9748025325052,1.2339955372530085,1.2645904679287128,0.1556870571368414,256035,13.334052792984807,2989.4388670039375,1.2492930025908606,30.59748025325052,61.19496050650104
67,SA1_m03_v40_Ye20_spec_2020-07-10.dat,0.03,0.4,0.2,170.437942714949,0.5513307802961265,0.5570146027734211,0.19977473964225198,256035,20.42950171106086,2503.6991204054148,0.5541726915347738,17.0437942714949,34.0875885429898
68,SA1_m03_v40_Ye25_spec_2020-07-10.dat,0.03,0.4,0.25,56.65038684086687,0.07190696283767295,0.06812238584622321,2.8741853615191224,256035,315.82407978723865,2330.069478971639,0.07001467434194808,5.665038684086688,11.330077368173376
69,SA1_m03_v40_Ye30_spec_2020-07-10.dat,0.03,0.4,0.3,15.310673042344302,0.018930805947190876,0.017907519139235717,6.549708530398257,256035,811.6697378825759,2066.055373648934,0.018419162543213297,1.5310673042344303,3.0621346084688605
70,SA1_m03_v40_Ye35_spec_2020-07-10.dat,0.03,0.4,0.35,36.19664935301323,0.0470172467407437,0.04460610588225222,7.798101025097921,256035,932.2234539634893,2141.747010839681,0.04581167631149796,3.619664935301323,7.239329870602646
71,SA1_m03_v40_Ye40_spec_2020-07-10.dat,0.03,0.4,0.4,48.73932611663538,0.04706369624182116,0.043817924087207416,4.447956526058089,256035,908.3776745875059,1253.6994039031467,0.04544081016451429,4.873932611663538,9.747865223327077
72,SA1_m05_v15_Ye15_spec_2020-09-17.dat,0.05,0.15,0.15,100.85232100942517,0.20843160394620952,0.20170800381890786,0.10532175228697807,256035,4.484227895147713,6013.5335396258115,0.2050698038825587,10.085232100942518,20.170464201885036
73,SA1_m05_v15_Ye20_spec_2020-09-17.dat,0.05,0.15,0.2,20.18086323918832,0.032251217242297514,0.03090741652386697,0.913429617355454,256035,71.61768847896175,3265.5333765527043,0.03157931688308224,2.018086323918832,4.036172647837664
74,SA1_m05_v15_Ye25_spec_2020-09-17.dat,0.05,0.15,0.25,1.6260564627154865,0.0009220313158939675,0.0008135570434359973,19.02012788100576,256035,757.4693972562748,6429.062955748301,0.0008677941796649824,0.16260564627154867,0.32521129254309733
75,SA1_m05_v15_Ye30_spec_2020-09-17.dat,0.05,0.15,0.3,2.4874372613293136,0.001494879077973632,0.0012457325649783968,19.37293068101377,256035,740.0754499581615,6702.219763125195,0.0013703058214760144,0.2487437261329314,0.4974874522658628
76,SA1_m05_v15_Ye35_spec_2020-09-17.dat,0.05,0.15,0.35,1.9493461788738333,0.0011726762100741084,0.001042378853399084,15.881722301347123,256035,652.1327434505797,6235.351330328598,0.0011075275317365962,0.19493461788738334,0.3898692357747667
77,SA1_m05_v15_Ye40_spec_2020-09-17.dat,0.05,0.15,0.4,1.8769785921323847,0.00156542725903841,0.0014401930783156658,7.421039924089122,256035,476.73336277018126,3985.552733132531,0.0015028101686770379,0.18769785921323848,0.37539571842647695
78,SA1_m05_v20_Ye15_spec_2020-07-01.dat,0.05,0.2,0.15,172.69580729952452,0.3749804571318123,0.36921152702208815,0.08736888669445088,256035,3.9989862887354706,5593.7908484020445,0.3720959920769502,17.26958072995245,34.5391614599049
79,SA1_m05_v20_Ye20_spec_2020-07-01.dat,0.05,0.2,0.2,36.062152298778805,0.04318605135325981,0.0407868262780795,0.7251930604169854,256035,27.950870938492162,6642.898735873139,0.04198643881566966,3.606215229877881,7.212430459755762
80,SA1_m05_v20_Ye25_spec_2020-07-01.dat,0.05,0.2,0.25,1.610292846724814,0.0009666429187791259,0.000859238150025643,17.565692212304853,256035,833.5221456854885,5395.695877856713,0.0009129405344023844,0.16102928467248143,0.32205856934496285
81,SA1_m05_v20_Ye30_spec_2020-07-01.dat,0.05,0.2,0.3,4.2341780366773225,0.002963282581115223,0.00268106519243716,12.506578677190305,256035,623.2966192404755,5137.396502352923,0.0028221738867761914,0.4234178036677323,0.8468356073354646
82,SA1_m05_v20_Ye35_spec_2020-07-01.dat,0.05,0.2,0.35,4.3577140606231035,0.0031980555194293103,0.003052689359456018,10.780914881387242,256035,573.1913052239162,4815.654941900557,0.003125372439442664,0.43577140606231035,0.8715428121246207
83,SA1_m05_v20_Ye40_spec_2020-07-01.dat,0.05,0.2,0.4,8.932017209700941,0.007155751081793227,0.006261282196568629,5.792575110315323,256035,602.9751744706351,2459.6401828178596,0.006708516639180928,0.8932017209700942,1.7864034419401884
84,SA1_m05_v30_Ye15_spec_2020-07-01.dat,0.05,0.3,0.15,185.94993978900268,0.5530433137135731,0.5530433137135446,0.10869198352991362,256035,8.63949770612065,3221.1307821016053,0.5530433137135589,18.59499397890027,37.18998795780054
85,SA1_m05_v30_Ye20_spec_2020-07-01.dat,0.05,0.3,0.2,53.210871885025625,0.08339010615349451,0.07984159099801502,0.5120079408442337,256035,27.970390705051827,4686.811654381947,0.08161584857575477,5.321087188502563,10.642174377005126
86,SA1_m05_v30_Ye25_spec_2020-07-01.dat,0.05,0.3,0.25,4.504114315735147,0.004364378941688507,0.004213883116112704,6.078220605962988,256035,844.3758392646045,1843.0622247589574,0.004289131028900606,0.4504114315735147,0.9008228631470294
87,SA1_m05_v30_Ye30_spec_2020-07-01.dat,0.05,0.3,0.3,6.789688184518767,0.006129455913980841,0.004903564731185028,8.934810458797655,256035,617.1937334249312,3706.49290802707,0.005516510322582935,0.6789688184518767,1.3579376369037535
88,SA1_m05_v30_Ye35_spec_2020-07-01.dat,0.05,0.3,0.35,11.77316525843724,0.014878702955606116,0.013704068511740886,4.758499875992512,256035,570.6378590537374,2135.053776085001,0.0142913857336735,1.1773165258437241,2.3546330516874483
89,SA1_m05_v30_Ye40_spec_2020-07-01.dat,0.05,0.3,0.4,4.558692545622503,0.003951854836581781,0.003647866002999045,5.759492917588892,256035,959.9695775061795,1536.1234394382454,0.003799860419790413,0.45586925456225036,0.9117385091245007
90,SA1_m05_v40_Ye15_spec_2020-07-01.dat,0.05,0.4,0.15,259.826334766258,1.143140611253898,1.1691210796915357,0.13800997514281307,256035,10.27880363599198,3437.6942333989846,1.1561308454727168,25.982633476625804,51.96526695325161
91,SA1_m05_v40_Ye20_spec_2020-07-01.dat,0.05,0.4,0.2,138.12015379908726,0.49853705898104295,0.5077692267399527,0.1739547147882131,256035,16.31637320599724,2729.6810901842805,0.5031531428604978,13.812015379908727,27.624030759817455
92,SA1_m05_v40_Ye25_spec_2020-07-01.dat,0.05,0.4,0.25,43.29415733917852,0.05619717216315223,0.05331526589837665,3.028141092675772,256035,278.0431067754451,2788.4528901103167,0.05475621903076444,4.329415733917852,8.658831467835704
93,SA1_m05_v40_Ye30_spec_2020-07-01.dat,0.05,0.4,0.3,11.526032128103113,0.014586755728037915,0.013819031742350774,7.243218806481412,256035,808.8040130315006,2292.9133600196915,0.014202893735194344,1.1526032128103114,2.305206425620623
94,SA1_m05_v40_Ye35_spec_2020-07-01.dat,0.05,0.4,0.35,27.708475403488528,0.03505825379434668,0.03413566816818303,8.566104060386092,256035,877.1193695397393,2500.4834339159875,0.03459696098126486,2.770847540348853,5.541695080697706
95,SA1_m05_v40_Ye40_spec_2020-07-01.dat,0.05,0.4,0.4,33.96828409223419,0.030520080214650136,0.029389706873359955,5.552099305479203,256035,982.1757841360787,1447.3292547410404,0.029954893544005046,3.3968284092234193,6.793656818446839
96,SA1_m08_v15_Ye15_spec_2020-09-17.dat,0.08,0.15,0.15,87.85948590844265,0.20484500519896187,0.19899229076470704,0.08883728516327524,256035,3.908342917861347,5819.718173354537,0.20191864798183445,8.785948590844265,17.57189718168853
97,SA1_m08_v15_Ye20_spec_2020-09-17.dat,0.08,0.15,0.2,16.78349517038137,0.025730832969639295,0.025171467035516315,1.0053407864189372,256035,67.82315514918507,3795.199850030354,0.025451150002577805,1.6783495170381373,3.3566990340762746
98,SA1_m08_v15_Ye25_spec_2020-09-17.dat,0.08,0.15,0.25,1.4430939064324817,0.0007705104868076518,0.0007223535813820625,20.304237500615848,256035,733.2299425748984,7089.993393087803,0.0007464320340948571,0.1443093906432482,0.2886187812864964
99,SA1_m08_v15_Ye30_spec_2020-09-17.dat,0.08,0.15,0.3,2.1600835503805653,0.0015158819355263198,0.0007579409677633819,20.002408212479768,256035,714.0302018397699,7172.408916999134,0.0011369114516448509,0.21600835503805654,0.4320167100761131
100,SA1_m08_v15_Ye35_spec_2020-09-17.dat,0.08,0.15,0.35,1.71627065807289,0.0010309479850265646,0.0008591233208554705,16.453860911358042,256035,620.1935772457014,6792.660280599118,0.0009450356529410175,0.171627065807289,0.343254131614578
101,SA1_m08_v15_Ye40_spec_2020-09-17.dat,0.08,0.15,0.4,1.6418100159307685,0.0013146531114300863,0.0012050986854776902,7.383438811466118,256035,420.7088083038739,4493.413778796607,0.0012598758984538883,0.16418100159307686,0.3283620031861537
102,SA1_m08_v20_Ye15_spec_2020-07-10.dat,0.08,0.2,0.15,151.79357117298918,0.3550192947462847,0.3550192947463131,0.07613153605041094,256035,3.2599341249252514,5979.365559454032,0.3550192947462989,15.179357117298919,30.358714234597837
103,SA1_m08_v20_Ye20_spec_2020-07-10.dat,0.08,0.2,0.2,30.401819529733594,0.039532248450765195,0.03750495365841999,0.6072943806572616,256035,23.283355140097182,6678.101837814986,0.038518601054592594,3.0401819529733594,6.080363905946719
104,SA1_m08_v20_Ye25_spec_2020-07-10.dat,0.08,0.2,0.25,1.3616527896500163,0.0009316247292965318,0.00046581236464837694,18.942431409382905,256035,788.355480928543,6151.952441795674,0.0006987185469724544,0.13616527896500163,0.27233055793000327
105,SA1_m08_v20_Ye30_spec_2020-07-10.dat,0.08,0.2,0.3,3.52054516300751,0.0023494970806066107,0.002232022226575925,12.998489150200685,256035,588.6997111822005,5653.252594414144,0.0022907596535912678,0.352054516300751,0.704109032601502
106,SA1_m08_v20_Ye35_spec_2020-07-10.dat,0.08,0.2,0.35,3.6126955232968223,0.0025288447188955843,0.0024084235418055933,11.135989061247699,256035,527.1696473752658,5408.511232565189,0.0024686341303505888,0.3612695523296823,0.7225391046593646
107,SA1_m08_v20_Ye40_spec_2020-07-10.dat,0.08,0.2,0.4,7.127653689037043,0.005460075433324718,0.004747891681151195,6.323844715543612,256035,562.2255225317706,2879.850730456147,0.005103983557237957,0.7127653689037043,1.4255307378074087
108,SA1_m08_v30_Ye15_spec_2020-07-10.dat,0.08,0.3,0.15,155.31793183175287,0.47593550813598995,0.4707622960910385,0.10631674328748775,256035,7.501834388059184,3628.5534923218,0.4733489021135142,15.531793183175289,31.063586366350577
109,SA1_m08_v30_Ye20_spec_2020-07-10.dat,0.08,0.3,0.2,46.29084360094442,0.07722219301183486,0.07413330529136175,0.47139718037162454,256035,22.586238902628892,5343.704084454755,0.0756777491515983,4.629084360094442,9.258168720188884
110,SA1_m08_v30_Ye25_spec_2020-07-10.dat,0.08,0.3,0.25,3.2546415740724393,0.002930105283338147,0.002713060447535387,7.479233905363055,256035,835.799252589666,2291.1550196130274,0.002821582865436767,0.32546415740724394,0.6509283148144879
111,SA1_m08_v30_Ye30_spec_2020-07-10.dat,0.08,0.3,0.3,5.561148576583522,0.0046326690463196485,0.004262055522614716,8.561374048885662,256035,578.3999881106184,3789.784664012165,0.004447362284467182,0.5561148576583522,1.1122297153167044
112,SA1_m08_v30_Ye35_spec_2020-07-10.dat,0.08,0.3,0.35,9.160620798773046,0.011308465078140983,0.011002830886841508,5.284731070689183,256035,550.0745082576603,2459.80517070264,0.011155647982491246,0.9160620798773046,1.8321241597546092
113,SA1_m08_v30_Ye40_spec_2020-07-10.dat,0.08,0.3,0.4,3.2345617505577713,0.002699652586974466,0.002483680380016562,6.477477618352523,256035,940.5496442196601,1763.2891492833992,0.002591666483495514,0.3234561750557772,0.6469123501115543
114,SA1_m08_v40_Ye15_spec_2020-07-10.dat,0.08,0.4,0.15,225.22668141822535,1.0726687463258315,1.1026734665027789,0.11945406976149497,256035,7.9051452061758365,3868.9261175734646,1.0876711064143052,22.522668141822535,45.04533628364507
115,SA1_m08_v40_Ye20_spec_2020-07-10.dat,0.08,0.4,0.2,116.36085014767836,0.4657461355788399,0.4696273533753299,0.15734395252839325,256035,13.76487005348917,2926.6937304210464,0.4676867444770849,11.636085014767836,23.272170029535673
116,SA1_m08_v40_Ye25_spec_2020-07-10.dat,0.08,0.4,0.25,34.81095440188379,0.04634894486395069,0.04403149762075742,2.955239880375675,256035,236.09033750840948,3204.8954258665267,0.045190221242354056,3.4810954401883794,6.962190880376759
117,SA1_m08_v40_Ye30_spec_2020-07-10.dat,0.08,0.4,0.3,9.076959178871345,0.011196969098277165,0.01089434831183489,8.043115601403466,256035,771.9962497643244,2667.5247498080557,0.011045658705056027,0.9076959178871346,1.815391835774269
118,SA1_m08_v40_Ye35_spec_2020-07-10.dat,0.08,0.4,0.35,21.705856242246384,0.028225610371190868,0.026778143172670354,8.865138454417165,256035,812.0932705075395,2794.981569984117,0.02750187677193061,2.1705856242246386,4.341171248449277
119,SA1_m08_v40_Ye40_spec_2020-07-10.dat,0.08,0.4,0.4,25.0829332605405,0.021724421285302498,0.02088886662047784,6.512572318774561,256035,1016.3026137395166,1640.69877524178,0.02130664395289017,2.50829332605405,5.0165866521081
120,SA2_m002_v30_Ye175_spec_2022-10-11.dat,0.002,0.3,0.175,427.1920959691217,0.6964354699478577,0.6822225011733849,0.2401159695192276,256035,33.91267467055697,1812.835255640594,0.6893289855606213,42.71920959691217,85.43841919382434
121,SA2_m002_v30_Ye225_spec_2022-10-11.dat,0.002,0.3,0.225,238.22651334002725,0.3423080674882897,0.3184261092914369,0.487784104072596,256035,109.33382305705682,1142.279667848551,0.3303670883898633,23.822651334002728,47.645302668005456
122,SA2_m0055_v290_Ye168_spec_2022-10-08.dat,0.0055,0.29,0.168,281.6072781301929,0.4687283046159223,0.4499791724313127,0.3015249573915798,256035,36.01329702285776,2143.6788310926777,0.4593537385236175,28.160727813019292,56.321455626038585
123,SA2_m008_v340_Ye207_spec_2022-10-08.dat,0.008,0.34,0.207,168.96010745907267,0.24762244077606965,0.24199465803116027,0.4531270915787827,256035,62.806167074868085,1847.2134233900358,0.24480854940361496,16.89601074590727,33.79202149181454
124,SA2_m013_v315_Ye211_spec_2022-10-08.dat,0.013,0.315,0.211,107.63672683019047,0.15417395625317454,0.14700307456696748,0.5080429380195896,256035,71.40951937429233,1821.5606935267192,0.150588515410071,10.763672683019047,21.527345366038094
125,SA2_m0175_v285_Ye267_spec_2022-10-17.dat,0.0175,0.285,0.267,18.970480236126114,0.018360469466102813,0.01709423019258338,4.4116568400032765,256035,727.763237166819,1552.0687242014735,0.017727349829343098,1.8970480236126115,3.794096047225223
126,SA2_m01_v25_Ye15_spec_2022-10-10.dat,0.01,0.25,0.15,239.19771297336615,0.3741506784174362,0.35822937295287716,0.28323108158537774,256035,23.235278044945332,3120.9899805562154,0.3661900256851567,23.919771297336617,47.83954259467323
127,SA2_m01_v25_Ye175_spec_2022-10-10.dat,0.01,0.25,0.175,158.91641090864405,0.2015124256120373,0.19090650847454071,0.43797955912521236,256035,33.7651658845569,3321.1178883001458,0.196209467043289,15.891641090864406,31.78328218172881
128,SA2_m01_v25_Ye20_spec_2022-10-10.dat,0.01,0.25,0.2,81.4122014452515,0.05976902313568644,0.057052249356800644,2.099315285680377,256035,112.2239263672244,4789.5150933353425,0.05841063624624354,8.14122014452515,16.2824402890503
129,SA2_m01_v25_Ye225_spec_2022-10-10.dat,0.01,0.25,0.225,60.49367611968267,0.046417940274317004,0.04238159764177851,2.395991605741374,256035,168.12745028317528,3648.76591979925,0.04439976895804776,6.049367611968267,12.098735223936535
130,SA2_m01_v25_Ye25_spec_2022-10-10.dat,0.01,0.25,0.25,8.11798854835065,0.007342480355632119,0.004405488213379272,10.980963723184285,256035,1679.7463155507157,1673.7712241647134,0.0058739842845056955,0.8117988548350651,1.6235977096701302
131,SA2_m01_v25_Ye30_spec_2022-10-10.dat,0.01,0.25,0.3,13.452373524935565,0.012225209233598378,0.004890083693439351,11.39101832058667,256035,1384.8928827378577,2105.938597897657,0.008557646463518864,1.3452373524935566,2.690474704987113
132,SA2_m01_v25_Ye35_spec_2022-10-10.dat,0.01,0.25,0.35,15.832179613195283,0.013704092216164199,0.013177011746314804,12.148752705714838,256035,1487.0300642331615,2091.7572373439125,0.013440551981239501,1.5832179613195283,3.1664359226390566
133,SA2_m01_v25_Ye40_spec_2022-10-10.dat,0.01,0.25,0.4,11.405549651271327,0.01406286009287605,0.013302705493259737,9.346918704327635,256035,1887.1616442631469,1268.1151811968607,0.013682782793067894,1.1405549651271327,2.2811099302542654
134,SA2_m01_v30_Ye175_spec_2022-10-11.dat,0.01,0.3,0.175,195.38126765103667,0.31994927278472574,0.313419695789122,0.3571793044085698,256035,40.131842446548724,2278.7491834208763,0.31668448428692386,19.53812676510367,39.07625353020734
135,SA2_m01_v30_Ye225_spec_2022-10-11.dat,0.01,0.3,0.225,98.11068814341093,0.11095356306860538,0.10769022297834852,1.0347743553837003,256035,138.83546724386028,1908.2908520436597,0.10932189302347695,9.811068814341093,19.622137628682186
136,SA2_m01_v35_Ye15_spec_2022-10-11.dat,0.01,0.35,0.15,323.85095637916834,0.6277334938588979,0.627733493858841,0.36458948584599554,256035,35.870322501196014,2602.3649217390507,0.6277334938588695,32.385095637916834,64.77019127583367
137,SA2_m01_v35_Ye175_spec_2022-10-11.dat,0.01,0.35,0.175,254.66863766128023,0.46696254676103877,0.458472318638087,0.38819823614731885,256035,42.900501960053234,2316.810546518264,0.4627174326995629,25.466863766128025,50.93372753225605
138,SA2_m01_v35_Ye20_spec_2022-10-11.dat,0.01,0.35,0.2,156.06852479116736,0.23395071921925137,0.2287518143477314,0.5992839130250514,256035,79.14057122429688,1938.7989535291886,0.23135126678349138,15.606852479116737,31.213704958233475
139,SA2_m01_v35_Ye225_spec_2022-10-11.dat,0.01,0.35,0.225,176.01946514565012,0.2517784209458398,0.2400677967157776,0.6072487749721223,256035,92.21258317540409,1686.0707589575234,0.2459231088308087,17.60194651456501,35.20389302913002
140,SA2_m01_v35_Ye25_spec_2022-10-11.dat,0.01,0.35,0.25,86.26923122669271,0.05766370751913996,0.05478052214317586,6.409028846567775,256035,757.5326044868432,2166.1585138537494,0.05622211483115791,8.626923122669272,17.253846245338543
141,SA2_m01_v35_Ye30_spec_2022-10-11.dat,0.01,0.35,0.3,26.3419681630214,0.020193826106140733,0.01843784122734604,9.941861372610493,256035,1370.9937262068813,1856.656546181904,0.019315833666743387,2.63419681630214,5.26839363260428
142,SA2_m01_v35_Ye35_spec_2022-10-11.dat,0.01,0.35,0.35,45.464296520851946,0.03633933746858986,0.033311059346196714,10.257350001443125,256035,1246.2887104947808,2107.2489748999365,0.03482519840739329,4.546429652085195,9.09285930417039
143,SA2_m01_v35_Ye40_spec_2022-10-11.dat,0.01,0.35,0.4,111.15660294287495,0.12991872244579383,0.12249479544890107,1.6276906810302831,256035,414.9406863655788,1004.3502534490422,0.12620675894734745,11.115660294287496,22.23132058857499
144,SA2_m01_v40_Ye175_spec_2022-10-11.dat,0.01,0.4,0.175,338.46431775993784,0.7769787216313944,0.7657181604483299,0.40360588698053607,256035,50.13684422221868,2061.1036629079767,0.7713484410398621,33.846431775993786,67.69286355198757
145,SA2_m01_v40_Ye225_spec_2022-10-11.dat,0.01,0.4,0.225,244.6991221169627,0.38353454853006497,0.37537423898689326,0.6576218919609769,256035,73.21005887900593,2299.8782364934355,0.3794543937584791,24.469912211696272,48.939824423392544
146,SA2_m023_v190_Ye237_spec_2022-10-08.dat,0.023,0.19,0.237,18.17166399332571,0.015137755113482143,0.013321224499861728,3.4966206969637716,256035,259.6585221889154,3447.825523306999,0.014229489806671936,1.8171663993325708,3.6343327986651417
147,SA2_m026_v270_Ye258_spec_2022-10-08.dat,0.026,0.27,0.258,9.203967079192264,0.008907411700006307,0.00860025957242172,7.31095486494575,256035,1169.8434185500475,1600.0947641065047,0.008753835636214014,0.9203967079192265,1.840793415838453
148,SA2_m02_v20_Ye15_spec_2022-10-06.dat,0.02,0.2,0.15,227.48457129716326,0.3181867286481008,0.31061085415646517,0.22158086246269326,256035,11.958295452356742,4744.192543716992,0.314398791402283,22.74845712971633,45.49691425943266
149,SA2_m02_v20_Ye175_spec_2022-10-11.dat,0.02,0.2,0.175,110.37673417975672,0.12496242152778336,0.12128705618873425,0.41311389231978507,256035,19.981226813464776,5293.549610718583,0.12312473885825881,11.037673417975673,22.075346835951347
150,SA2_m02_v20_Ye20_spec_2022-10-06.dat,0.02,0.2,0.2,50.37018609750031,0.03528324048257758,0.03192293186519635,2.527587448091211,256035,93.25443329281536,6939.625596565518,0.033603086173886965,5.037018609750032,10.074037219500063
151,SA2_m02_v20_Ye225_spec_2022-10-11.dat,0.02,0.2,0.225,31.41272010993093,0.026235421943585635,0.02518600506584079,2.280735543706404,256035,165.92892169356412,3519.266677398764,0.025710713504713212,3.1412720109930934,6.282544021986187
152,SA2_m02_v20_Ye25_spec_2022-10-06.dat,0.02,0.2,0.25,2.922051513341956,0.0015557064571893875,0.0005185688190634252,32.46124019237804,256035,1770.8431574625351,4693.365190266066,0.0010371376381264064,0.2922051513341956,0.5844103026683912
153,SA2_m02_v20_Ye30_spec_2022-10-06.dat,0.02,0.2,0.3,7.2076301759310155,0.005208008921729679,0.0026040044608652835,26.405166925160138,256035,1448.38415695441,4667.716697412189,0.003906006691297481,0.7207630175931016,1.4415260351862031
154,SA2_m02_v20_Ye35_spec_2022-10-06.dat,0.02,0.2,0.35,7.5181581649554925,0.005448518666878677,0.0027242593334397824,22.38039384528913,256035,1374.8809120512954,4167.753067157875,0.00408638900015923,0.7518158164955493,1.5036316329910986
155,SA2_m02_v20_Ye40_spec_2022-10-06.dat,0.02,0.2,0.4,16.21350563992233,0.011819919779881616,0.00886493983490766,8.711942357538101,256035,1192.334240451199,1870.7524164266104,0.010342429807394637,1.6213505639922332,3.2427011279844664
156,SA2_m02_v25_Ye15_spec_2022-10-10.dat,0.02,0.25,0.15,178.74209856268016,0.26876265759986495,0.25681765059545114,0.3003444552894505,256035,19.274166455137298,3989.7285721291482,0.26279015409765805,17.874209856268017,35.748419712536034
157,SA2_m02_v25_Ye175_spec_2022-10-10.dat,0.02,0.25,0.175,120.37456136969456,0.14867257850885096,0.14063622291376987,0.46402859609264185,256035,28.326651283223423,4194.197203639946,0.14465440071131042,12.037456136969457,24.074912273938914
158,SA2_m02_v25_Ye20_spec_2022-10-10.dat,0.02,0.25,0.2,64.33619333843053,0.04926119635747739,0.044977614065516036,2.024588081240584,256035,89.10218478474258,5817.650943495106,0.04711940521149671,6.433619333843054,12.867238667686108
159,SA2_m02_v25_Ye225_spec_2022-10-10.dat,0.02,0.25,0.225,47.081176342538534,0.03762167614646472,0.03605410630702721,2.0908637955789255,256035,134.78341188957592,3971.81154858755,0.03683789122674597,4.7081176342538535,9.416235268507707
160,SA2_m02_v25_Ye25_spec_2022-10-10.dat,0.02,0.25,0.25,5.420204096627841,0.003977003689556113,0.0034346850046169664,13.804670700840363,256035,1572.0713716735559,2248.2941465482045,0.00370584434708654,0.5420204096627841,1.0840408193255682
161,SA2_m02_v25_Ye30_spec_2022-10-10.dat,0.02,0.25,0.3,9.347707439560528,0.006546777709509399,0.005611523751008818,14.852256756607677,256035,1403.9402265058363,2708.5893593506476,0.006079150730259109,0.9347707439560529,1.8695414879121057
162,SA2_m02_v25_Ye35_spec_2022-10-10.dat,0.02,0.25,0.35,10.45948783923819,0.008035681680249596,0.0076863042158912265,16.316385025903205,256035,1426.5179630090572,2928.5054576495386,0.007860992948070411,1.045948783923819,2.091897567847638
163,SA2_m02_v25_Ye40_spec_2022-10-10.dat,0.02,0.25,0.4,5.799219620880091,0.00503766091922575,0.00445639235162254,11.259444066358462,256035,1780.5316512116794,1619.073583762631,0.004747026635424145,0.5799219620880092,1.1598439241760183
164,SA2_m02_v30_Ye15_spec_2022-10-06.dat,0.02,0.3,0.15,265.6096497440774,0.5300091120157049,0.5123421416151928,0.23402457436802873,256035,22.15684785706296,2704.2872833203105,0.5211756268154488,26.56096497440774,53.12192994881548
165,SA2_m02_v30_Ye175_spec_2022-10-11.dat,0.02,0.3,0.175,141.13882287124449,0.22600668872311758,0.22600668872311758,0.3915570210828737,256035,37.1765521057258,2696.654106272353,0.22600668872311758,14.113882287124449,28.227764574248898
166,SA2_m02_v30_Ye20_spec_2022-10-06.dat,0.02,0.3,0.2,73.99462175974915,0.07665402177320857,0.07170860101363985,1.1567460340867461,256035,85.83239694843378,3450.5324488995802,0.07418131139342421,7.399462175974915,14.79892435194983
167,SA2_m02_v30_Ye225_spec_2022-10-11.dat,0.02,0.3,0.225,73.86022872489609,0.07873569029753469,0.07627519997573984,1.1815224553939703,256035,122.02550717663604,2479.080881252967,0.07750544513663726,7.386022872489609,14.772045744979218
168,SA2_m02_v30_Ye25_spec_2022-10-06.dat,0.02,0.3,0.25,11.919647071429145,0.008345561154918357,0.007550745806829795,9.045960190617532,256035,1353.6912076911742,1710.938509643583,0.007948153480874076,1.1919647071429145,2.383929414285829
169,SA2_m02_v30_Ye30_spec_2022-10-06.dat,0.02,0.3,0.3,10.305181541604966,0.0061960172943251735,0.005507570928291017,16.05686990572512,256035,1443.3785315178254,2848.2623210345005,0.005851794111308095,1.0305181541604966,2.0610363083209933
170,SA2_m02_v30_Ye35_spec_2022-10-06.dat,0.02,0.3,0.35,22.500282550160918,0.02247817900747151,0.020979633740303427,8.852934565160421,256035,1269.2077895351165,1785.8865349550663,0.02172890637388747,2.2500282550160917,4.500056510032183
171,SA2_m02_v30_Ye40_spec_2022-10-06.dat,0.02,0.3,0.4,8.664918369120818,0.006367326489993275,0.006077902558629944,7.430742848249947,256035,1640.600013705668,1159.655144006965,0.006222614524311609,0.8664918369120818,1.7329836738241635
172,SA2_m033_v235_Ye179_spec_2022-10-08.dat,0.033,0.235,0.179,90.37769669590324,0.10551274652200959,0.10249809662138887,0.48853650415845234,256035,24.059287734396364,5198.925472069783,0.10400542157169923,9.037769669590324,18.075539339180647
173,SA2_m03_v20_Ye175_spec_2022-10-11.dat,0.03,0.2,0.175,96.62470249771842,0.11574708559746227,0.10610149513101419,0.3872107366262361,256035,17.458063830549673,5678.7225613538685,0.11092429036423823,9.662470249771843,19.324940499543686
174,SA2_m03_v20_Ye225_spec_2022-10-11.dat,0.03,0.2,0.225,26.750662098445,0.023169619220134052,0.022278480019359392,2.1679085244914487,256035,150.87709401235256,3678.891502395482,0.022724049619746722,2.6750662098445,5.350132419689
175,SA2_m03_v25_Ye15_spec_2022-10-10.dat,0.03,0.25,0.15,152.84817264863347,0.22936018037543704,0.21916639458095233,0.291052182811603,256035,16.719181681426395,4457.12876659231,0.22426328747819468,15.284817264863348,30.569634529726695
176,SA2_m03_v25_Ye175_spec_2022-10-10.dat,0.03,0.25,0.175,103.60918696586432,0.130952390770247,0.12406015967707162,0.45242230642568393,256035,24.80803330424018,4669.291749374641,0.12750627522365932,10.360918696586433,20.721837393172866
177,SA2_m03_v25_Ye20_spec_2022-10-10.dat,0.03,0.25,0.2,56.19114397486443,0.04496715477890234,0.041219891880665216,1.8507428919466704,256035,74.94461383784801,6322.735311770501,0.04309352332978378,5.6191143974864435,11.238228794972887
178,SA2_m03_v25_Ye225_spec_2022-10-10.dat,0.03,0.25,0.225,40.955616689820324,0.034113192531791015,0.03274866483052108,1.858093920343456,256035,116.19037016250363,4094.4621850310987,0.03343092868115605,4.095561668982032,8.191123337964065
179,SA2_m03_v25_Ye25_spec_2022-10-10.dat,0.03,0.25,0.25,4.462835185759652,0.0029802401948346713,0.002831228185092627,15.399923251126285,256035,1472.8637316405143,2677.0428688677066,0.002905734189963649,0.44628351857596527,0.8925670371519305
180,SA2_m03_v25_Ye30_spec_2022-10-10.dat,0.03,0.25,0.3,7.772487183102204,0.0049312048244072315,0.0046716677283855645,17.174745342162208,256035,1359.0225292362047,3235.6607996424336,0.004801436276396398,0.7772487183102205,1.554497436620441
181,SA2_m03_v25_Ye35_spec_2022-10-10.dat,0.03,0.25,0.35,8.578626766350158,0.00630454773962974,0.005444836684226573,18.51800889953787,256035,1355.750624840628,3497.1463938292677,0.005874692211928156,0.8578626766350159,1.7157253532700318
182,SA2_m03_v25_Ye40_spec_2022-10-10.dat,0.03,0.25,0.4,4.658879167072524,0.004180156947618308,0.0033441255580948237,12.915203301080755,256035,1723.9636827097222,1918.105416231668,0.0037621412528565656,0.4658879167072524,0.9317758334145048
183,SA2_m03_v30_Ye175_spec_2022-10-11.dat,0.03,0.3,0.175,118.21349944922535,0.19302735801562676,0.1851486903415207,0.40422192282540853,256035,33.957497561783306,3047.779354833247,0.18908802417857373,11.821349944922536,23.642699889845073
184,SA2_m03_v30_Ye225_spec_2022-10-11.dat,0.03,0.3,0.225,63.70399035611417,0.06786157197674925,0.0657408978524785,1.2196565535165782,256035,109.61223434117274,2848.904299383668,0.06680123491461387,6.370399035611417,12.740798071222834
185,SA2_m045_v187_Ye204_spec_2022-10-08.dat,0.045,0.187,0.204,33.70705655917622,0.034868399210296275,0.03149403799639572,1.169179300401068,256035,71.65847429267477,4177.465751720426,0.033181218603346,3.3707056559176225,6.741411311835245
186,SA2_m045_v240_Ye245_spec_2022-10-08.dat,0.045,0.24,0.245,13.741114502494543,0.012846665422456383,0.011470236984335358,2.8829991565672293,256035,272.75377448406414,2706.282215334906,0.01215845120339587,1.3741114502494545,2.748222900498909
187,SA2_m055_v260_Ye233_spec_2022-10-08.dat,0.055,0.26,0.233,30.03282025788126,0.029105946412638417,0.027098639763490695,1.61413620955471,256035,116.37072863910754,3551.3687096950503,0.028102293088064556,3.003282025788126,6.006564051576252
188,SA2_m058_v210_Ye278_spec_2022-10-08.dat,0.058,0.21,0.278,3.700697991791222,0.0019867746873964975,0.0013245164582640356,25.335585742365964,256035,1274.2278890667887,5090.766534938605,0.0016556455728302666,0.3700697991791222,0.7401395983582444
189,SA2_m05_v20_Ye175_spec_2022-10-11.dat,0.05,0.2,0.175,82.31342542389439,0.10426540996041922,0.09877775680462264,0.34629909589893915,256035,14.58203674726081,6080.404991102513,0.10152158338252093,8.23134254238944,16.46268508477888
190,SA2_m05_v20_Ye225_spec_2022-10-11.dat,0.05,0.2,0.225,21.875216312939582,0.020466328853473215,0.0182735079048868,2.0830655527242223,256035,133.26113121593886,4002.199920751954,0.019369918379180007,2.1875216312939583,4.3750432625879165
191,SA2_m05_v25_Ye15_spec_2022-10-10.dat,0.05,0.25,0.15,128.06773388384593,0.19615802076606315,0.19189371596681326,0.27128536116317403,256035,13.775488349637808,5042.184036055572,0.1940258683664382,12.806773388384594,25.613546776769187
192,SA2_m05_v25_Ye175_spec_2022-10-10.dat,0.05,0.25,0.175,87.75706340584318,0.11412793146800482,0.11120157425085608,0.4210775527456008,256035,20.54251256042668,5248.169662795163,0.11266475285943045,8.77570634058432,17.55141268116864
193,SA2_m05_v25_Ye20_spec_2022-10-10.dat,0.05,0.25,0.2,47.92275102538846,0.04157254480623607,0.03837465674421736,1.5887244721246585,256035,59.33048120912419,6855.988050841591,0.039973600775226714,4.792275102538846,9.584550205077692
194,SA2_m05_v25_Ye225_spec_2022-10-10.dat,0.05,0.25,0.225,34.50171307301297,0.032283922871471304,0.03113092562605857,1.5332789267114293,256035,94.73386956329865,4143.956874243946,0.03170742424876494,3.4501713073012974,6.900342614602595
195,SA2_m05_v25_Ye25_spec_2022-10-10.dat,0.05,0.25,0.25,3.607758255036121,0.002167581187625167,0.002047160010534732,17.408031469486257,256035,1341.290999643238,3322.9667078027232,0.0021073705990799496,0.36077582550361215,0.7215516510072243
196,SA2_m05_v25_Ye30_spec_2022-10-10.dat,0.05,0.25,0.3,6.229616327852052,0.004502105272017332,0.002251052636008666,20.630026438238037,256035,1299.2796837979245,4065.3362666877356,0.0033765789540129987,0.6229616327852052,1.2459232655704104
197,SA2_m05_v25_Ye35_spec_2022-10-10.dat,0.05,0.25,0.35,6.8172040778641785,0.006160311883587788,0.0024641247534349375,20.454670397188092,256035,1258.7880360040513,4160.439554040374,0.004312218318511363,0.6817204077864178,1.3634408155728357
198,SA2_m05_v25_Ye40_spec_2022-10-10.dat,0.05,0.25,0.4,2.8025268661661333,0.00196422408642416,0.0017771551258127793,13.632790757485662,256035,1477.9553262662942,2361.6895041142384,0.0018706896061184697,0.28025268661661334,0.5605053732332267
199,SA2_m05_v30_Ye175_spec_2022-10-11.dat,0.05,0.3,0.175,96.07680145247019,0.156766063541113,0.15036744870268137,0.41645674968652036,256035,29.149008176866786,3658.0148202301402,0.15356675612189719,9.60768014524702,19.21536029049404
200,SA2_m05_v30_Ye225_spec_2022-10-11.dat,0.05,0.3,0.225,53.26055109720217,0.05677624248748003,0.055001984909750945,1.2060337537295784,256035,92.90496051600185,3323.685306157226,0.05588911369861549,5.326055109720217,10.652110219440434
201,SA2_m065_v190_Ye162_spec_2022-10-17.dat,0.065,0.19,0.162,96.93333861830287,0.14217126616127018,0.135708935881226,0.23047634504474432,256035,9.64892621621121,6115.70755970629,0.1389401010212481,9.693333861830288,19.386667723660576
202,SA2_m065_v20_Ye15_spec_2022-10-06.dat,0.065,0.2,0.15,159.05959078999996,0.24923905273067248,0.2439360941619384,0.17435314578406114,256035,7.475678209068497,5971.432481760675,0.24658757344630544,15.905959078999997,31.811918157999994
203,SA2_m065_v20_Ye175_spec_2022-10-11.dat,0.065,0.2,0.175,76.2653626735435,0.10189263370936885,0.09679800202390254,0.3161422041206495,256035,13.00156714094447,6225.670209949055,0.0993453178666357,7.626536267354351,15.253072534708702
204,SA2_m065_v20_Ye20_spec_2022-10-06.dat,0.065,0.2,0.2,32.54185136132539,0.02933411190237223,0.026074766135437244,1.4075993307515953,256035,52.82295262049174,6822.69121225109,0.027704439018904736,3.2541851361325396,6.508370272265079
205,SA2_m065_v20_Ye225_spec_2022-10-11.dat,0.065,0.2,0.225,19.929332933447036,0.018627720933238834,0.017297169438005966,2.0541185956730645,256035,124.73439148954877,4216.3692656264675,0.0179624451856224,1.9929332933447037,3.9858665866894074
206,SA2_m065_v20_Ye25_spec_2022-10-06.dat,0.065,0.2,0.25,2.010329304149423,0.0010573778436251402,0.0003524592812085281,39.38439549971264,256035,1626.2415003449214,6200.668043233543,0.0007049185624168341,0.2010329304149423,0.4020658608298846
207,SA2_m065_v20_Ye30_spec_2022-10-06.dat,0.065,0.2,0.3,4.5483569252806735,0.0021279218350827023,0.0019759274182913344,31.319599596783487,256035,1320.6770605089243,6071.820222024878,0.0020519246266870184,0.4548356925280674,0.9096713850561348
208,SA2_m065_v20_Ye35_spec_2022-10-06.dat,0.065,0.2,0.35,4.852553408865717,0.002431585666471392,0.002269479955373299,25.92899130618712,256035,1193.8571335379079,5560.740144347283,0.0023505328109223456,0.4852553408865717,0.9705106817731434
209,SA2_m065_v20_Ye40_spec_2022-10-06.dat,0.065,0.2,0.4,8.467763772315923,0.006144860490042703,0.0030724302450213514,12.014473158829976,256035,1132.2590186066589,2716.8038272783797,0.004608645367532027,0.8467763772315924,1.6935527544631848
210,SA2_m065_v25_Ye15_spec_2022-10-10.dat,0.065,0.25,0.15,117.7233687809583,0.18815355702942327,0.1842336912579725,0.2542640263494444,256035,12.252342581264799,5313.309643000509,0.1861936241436979,11.77233687809583,23.54467375619166
211,SA2_m065_v25_Ye175_spec_2022-10-10.dat,0.065,0.25,0.175,80.9801280482304,0.11083725025379465,0.10543055511945454,0.3988268419672133,256035,18.386811886598732,5553.634371900068,0.1081339026866246,8.09801280482304,16.19602560964608
212,SA2_m065_v25_Ye20_spec_2022-10-10.dat,0.065,0.25,0.2,44.25296461447992,0.0398815081890902,0.038404415293193495,1.446703833596831,256035,52.273797739291716,7085.898328686908,0.039142961741141846,4.425296461447992,8.850592922895984
213,SA2_m065_v25_Ye225_spec_2022-10-10.dat,0.065,0.25,0.225,31.636228047624638,0.0305842357990187,0.029529606978364598,1.375768350937592,256035,85.1430817181813,4137.093027689749,0.03005692138869165,3.163622804762464,6.327245609524928
214,SA2_m065_v25_Ye25_spec_2022-10-10.dat,0.065,0.25,0.25,3.280693318470113,0.001972854914639832,0.001753648813013431,18.071454540976045,256035,1269.5737933704736,3644.4709929898668,0.0018632518638266315,0.3280693318470113,0.6561386636940226
215,SA2_m065_v25_Ye30_spec_2022-10-10.dat,0.065,0.25,0.3,5.605669970965394,0.0033687358142859836,0.0028072798452374315,22.343519378465352,256035,1274.143261795194,4489.858523448305,0.0030880078297617075,0.5605669970965395,1.121133994193079
216,SA2_m065_v25_Ye35_spec_2022-10-10.dat,0.065,0.25,0.35,6.154441467587063,0.004112488242820511,0.0037012394185387265,20.979191587537052,256035,1196.3004941703334,4490.015129384582,0.003906863830679619,0.6154441467587063,1.2308882935174126
217,SA2_m065_v25_Ye40_spec_2022-10-10.dat,0.065,0.25,0.4,2.470075906435088,0.0017423825814630867,0.001306786936097204,14.261604553224428,256035,1395.5429886675788,2616.5227093943745,0.0015245847587801453,0.2470075906435088,0.4940151812870176
218,SA2_m0675_v240_Ye209_spec_2022-10-17.dat,0.0675,0.24,0.209,38.2723543809344,0.035646600338168355,0.03437350746894907,1.3343450442940632,256035,59.020226841260886,5788.507630353455,0.03501005390355871,3.8272354380934406,7.654470876186881
219,SA2_m075_v22_Ye31_spec_2022-10-17.dat,0.075,0.22,0.31,4.761628452885909,0.002542798432861204,0.0022249486287533315,28.762829222287007,256035,1301.2886457645563,5659.229413779642,0.002383873530807268,0.47616284528859093,0.9523256905771819
220,SA2_m08_v20_Ye175_spec_2022-10-11.dat,0.08,0.2,0.175,72.03390160908978,0.10081217799043429,0.09601159808612181,0.2918989281342684,256035,12.056556166146882,6198.813411968053,0.09841188803827805,7.203390160908978,14.406780321817957
221,SA2_m08_v20_Ye225_spec_2022-10-11.dat,0.08,0.2,0.225,18.435156257774388,0.017822730367722528,0.01597899964002991,2.0480900083949907,256035,118.72252093007236,4416.876605983402,0.01690086500387622,1.8435156257774388,3.6870312515548775
222,SA2_m08_v25_Ye15_spec_2022-10-10.dat,0.08,0.25,0.15,111.2605379208316,0.1818862114241142,0.17817424792566783,0.24165947693383097,256035,11.210219288103074,5519.3643038202545,0.18003022967489102,11.12605379208316,22.25210758416632
223,SA2_m08_v25_Ye175_spec_2022-10-10.dat,0.08,0.25,0.175,76.03547578833206,0.10645853764846436,0.10138908347472864,0.3859025733798969,256035,17.033786886725018,5800.5049630111025,0.1039238105615965,7.603547578833207,15.207095157666414
224,SA2_m08_v25_Ye20_spec_2022-10-10.dat,0.08,0.25,0.2,41.41167417770353,0.03996534222378045,0.03720911172558061,1.324193611688299,256035,46.959340745433416,7219.860968801691,0.03858722697468053,4.141167417770354,8.282334835540707
225,SA2_m08_v25_Ye225_spec_2022-10-10.dat,0.08,0.25,0.225,29.466152747936505,0.030502754418247235,0.028534834778358942,1.2532886708542534,256035,78.02931605008176,4112.374439322444,0.02951879459830309,2.9466152747936505,5.893230549587301
226,SA2_m08_v25_Ye25_spec_2022-10-10.dat,0.08,0.25,0.25,3.058122698141425,0.0027148703176771427,0.0010859481270713012,18.40562113453788,256035,1207.5986656179082,3902.3587399958797,0.001900409222374222,0.30581226981414256,0.6116245396282851
227,SA2_m08_v25_Ye30_spec_2022-10-10.dat,0.08,0.25,0.3,5.1705553172555785,0.0037180973912045445,0.0018590486956027164,23.528221315461074,256035,1246.0978892900234,4834.329787635173,0.0027885730434036304,0.5170555317255578,1.0341110634511157
228,SA2_m08_v25_Ye35_spec_2022-10-10.dat,0.08,0.25,0.35,5.693596415393265,0.0037990868036059666,0.003229223783064228,21.436645536550422,256035,1165.5514979766933,4708.956703739261,0.0035141552933350972,0.5693596415393265,1.138719283078653
229,SA2_m08_v25_Ye40_spec_2022-10-10.dat,0.08,0.25,0.4,2.1956149441600057,0.0013941111146436036,0.0012473625762603469,14.408032530798652,256035,1301.793820182971,2833.7518213940652,0.0013207368454519752,0.2195614944160006,0.4391229888320012
